"","load","honeycomb_mode","ipa_bound","bound","mix","mix_incr","mix_read","ipa_consistency","lease","condition","read_lat_mean","read_lat_median","read_lat_p95","read_lat_p99","read_rate","incr_lat_mean","incr_lat_median","incr_rate","overall_latency_mean","read_strong_fraction","interval_mean","interval_percent_mean","interval_percent_p99","interval_percent_max"
"1",2048,"fast","consistency:weakwrite","weak","custom","1.0","0.0","strong","0ms",NA,0.856440659398,0.379706,2.562154,7.777937,161.415568887,1.01774409172,0.280676,60967.2134116,1.01774409172,NA,0,0.265478662253,3.62,7.43
"2",2048,"flat5","consistency:weakwrite","weak","custom","1.0","0.0","strong","0ms",NA,6.93441771169,5.65824,14.63051,21.476726,161.473047376,6.99266726859,6.108042,61126.023281,6.99266726859,NA,0,0.651309966094,6.57,17.19
"3",2048,"slowpoke_flat","consistency:weakwrite","weak","custom","1.0","0.0","strong","0ms",NA,17.2665797127,13.023865,37.641595,53.420779,121.934954606,15.2467509391,14.082264,46339.065986,15.2467509391,NA,0,0.155443409404,3.54,13.98
"4",2048,"amazon","consistency:weakwrite","weak","custom","1.0","0.0","strong","0ms","Geo-
distributed",14.7112677037,2.465546,101.906711,149.552036,118.397242639,5.21979622347,3.020201,44506.0409706,5.21979622347,NA,0,0.244712251824,0.75,100
"5",2048,"google","consistency:weakwrite","weak","custom","1.0","0.0","strong","0ms",NA,14.0871442071,4.140789,18.186898,202.034525,119.518748951,11.8571815443,6.317474,45180.0083317,11.8571815443,NA,0,0.781162627037,0.56,496.07
"6",2048,"fast","tolerance:0.1","error: 10%","custom","1.0","0.0","strong","0ms",NA,7.03518920954,4.622714,20.355116,29.976896,79.2153869505,11.0370680917,8.179115,29970.7652627,11.0370680917,NA,145.30588075,9.71301395115,10,10
"7",2048,"flat5","tolerance:0.1","error: 10%","custom","1.0","0.0","strong","0ms",NA,11.0473718569,9.059059,23.498106,36.280734,87.484091019,15.4039442465,11.983151,32777.9317526,15.4039442465,NA,142.955846234,9.7495112096,10,10
"8",2048,"slowpoke_flat","tolerance:0.1","error: 10%","custom","1.0","0.0","strong","0ms",NA,13.9430087004,10.914029,25.523892,101.165706,17.1436500414,54.4065167643,37.225065,6393.23940987,54.4065167643,NA,145.580486466,9.76653169835,10,10
"9",2048,"google","tolerance:0.1","error: 10%","custom","1.0","0.0","strong","0ms",NA,9.27302014453,2.256767,40.465587,170.568522,9.04893686052,63.9982228631,23.755376,3421.35702535,63.9982228631,NA,146.874812038,9.76316423075,10,10
"10",2048,"amazon","tolerance:0.1","error: 10%","custom","1.0","0.0","strong","0ms","Geo-
distributed",9.20735979152,2.291998,36.493175,199.213226,7.92087624452,63.2689700796,27.79982,3096.75368068,63.2689700796,NA,152.004153969,9.7826150434,10,10
"11",2048,"fast","tolerance:0.01","error: 1%","custom","1.0","0.0","strong","0ms",NA,9.49354630629,6.513059,27.627825,37.20039,82.5605182421,17.4207012457,16.128226,31261.4260087,17.4207012457,NA,12.2427187706,0.76002892657,0.995,1
"12",2048,"flat5","tolerance:0.01","error: 1%","custom","1.0","0.0","strong","0ms",NA,10.409843866,7.895314,24.832133,37.233845,64.0857600056,24.5951695869,18.207705,24379.6064608,24.5951695869,NA,12.315675361,0.762656486895,0.995,1
"13",2048,"slowpoke_flat","tolerance:0.01","error: 1%","custom","1.0","0.0","strong","0ms",NA,14.6414318247,11.110618,28.396573,101.278375,12.3072644358,104.896711344,40.986971,4753.71319722,104.896711344,NA,12.4906913582,0.771811543695,0.995,1
"14",2048,"google","tolerance:0.01","error: 1%","custom","1.0","0.0","strong","0ms",NA,9.31545373948,2.3112,23.396442,170.719249,5.69937758686,167.855519153,17.302101,2174.26919446,167.855519153,NA,12.0710994598,0.75029173522,0.995,0.995
"15",2048,"amazon","tolerance:0.01","error: 1%","custom","1.0","0.0","strong","0ms","Geo-
distributed",5.92327230999,2.44677,17.135062,88.70799,5.40135860589,177.536585065,22.021745,2044.2003196,177.536585065,NA,11.9129578761,0.75482022185,0.995,1
"16",2048,"fast","consistency:strong","strong","custom","1.0","0.0","strong","0ms",NA,2.76075085598,2.138217,6.550075,11.675437,177.110186443,3.31983171728,2.411055,66576.7296382,3.31983171728,NA,0,0,0,0
"17",2048,"flat5","consistency:strong","strong","custom","1.0","0.0","strong","0ms",NA,38.3253985409,31.483388,73.873856,89.237862,58.844760061,50.6475547636,49.981184,22316.4873143,50.6475547636,NA,0,0,0,0
"18",2048,"slowpoke_flat","consistency:strong","strong","custom","1.0","0.0","strong","0ms",NA,144.567824818,112.585455,310.600593,459.502284,13.9206683194,181.737454274,179.327661,5222.70847576,181.737454274,NA,0,0,0,0
"19",2048,"google","consistency:strong","strong","custom","1.0","0.0","strong","0ms",NA,553.982665015,455.131995,1204.78584,1438.508195,3.74990591824,706.53443954,668.463742,1428.62801963,706.53443954,NA,0,0,0,0
"20",2048,"amazon","consistency:strong","strong","custom","1.0","0.0","strong","0ms","Geo-
distributed",397.941886404,271.15274,873.448349,1387.278077,4.28007604858,605.099486741,583.868751,1612.37280152,605.099486741,NA,0,0,0,0
"21",2048,"fast","consistency:weakwrite","weak","custom","0.5","0.5","strong","0ms",NA,5.2030829531,3.111832,16.538909,23.557044,61007.7317931,4.5775039977,2.271517,38721.6419839,4.8902934754,NA,0,0.0183296308116,0.47,3.17
"22",2048,"flat5","consistency:weakwrite","weak","custom","0.5","0.5","strong","0ms",NA,11.8802577804,11.816085,19.562335,24.884547,54985.3294202,12.5358683326,12.362479,29202.0125805,12.2080630565,NA,0,0.0438476963531,1.24,5.55
"23",2048,"slowpoke_flat","consistency:weakwrite","weak","custom","0.5","0.5","strong","0ms",NA,19.5989088884,16.791439,25.964223,159.168368,39423.8944769,19.7846122548,17.501811,20082.2683743,19.6917605716,NA,0,0.0366898615004,1.16,4.22
"24",2048,"google","consistency:weakwrite","weak","custom","0.5","0.5","strong","0ms",NA,11.868449786,10.304871,14.555949,18.657766,54143.6863605,12.2014451644,10.857474,26738.1623769,12.0349474752,NA,0,0.00629081946455,0.16,1.46
"25",2048,"amazon","consistency:weakwrite","weak","custom","0.5","0.5","strong","0ms","Geo-
distributed",15.2253164646,10.296497,18.420042,106.646536,41992.6899861,16.7752705354,10.839662,24849.826858,16.0002935,NA,0,0.0848746574501,2.15,12.56
"26",2048,"fast","tolerance:0.1","error: 10%","custom","0.5","0.5","strong","0ms",NA,60.0498019557,49.892305,161.305409,249.090842,21688.4744544,24.5528380974,24.772557,12222.3732611,42.30132002655,NA,150.213974477,9.52245024675,10,10
"27",2048,"flat5","tolerance:0.1","error: 10%","custom","0.5","0.5","strong","0ms",NA,45.2189821543,40.939459,87.878594,118.865151,28762.7028726,23.5028954921,21.959704,14079.4224851,34.3609388232,NA,145.872696367,9.52901218015,10,10
"28",2048,"slowpoke_flat","tolerance:0.1","error: 10%","custom","0.5","0.5","strong","0ms",NA,55.2170269091,40.661847,103.319326,401.420844,28642.6398774,35.4689955501,14.838497,3483.76178762,45.3430112296,NA,147.339609676,9.43139450325,10,10
"29",2048,"google","tolerance:0.1","error: 10%","custom","0.5","0.5","strong","0ms",NA,48.9858839186,33.218432,103.859587,478.071184,28495.7553772,38.8408186915,2.381315,1807.88267991,43.91335130505,NA,144.323225012,9.4571245306,10,10
"30",2048,"amazon","tolerance:0.1","error: 10%","custom","0.5","0.5","strong","0ms","Geo-
distributed",64.0025118659,28.36309,212.533061,846.116801,28278.9537964,40.0945762753,2.204141,1579.39523786,52.0485440706,NA,147.155685217,9.4884406878,10,10
"31",2048,"fast","tolerance:0.01","error: 1%","custom","0.5","0.5","strong","0ms",NA,70.8450518127,57.941616,183.257201,270.468193,19236.6933963,20.9802000497,17.63816,10829.4098159,45.9126259312,NA,12.1462574793,0.75865856879,0.995,1
"32",2048,"flat5","tolerance:0.01","error: 1%","custom","0.5","0.5","strong","0ms",NA,56.5939685155,45.961456,124.524479,154.83504,25104.523631,22.5990179907,11.09681,12613.1117049,39.5964932531,NA,11.9505052253,0.757932252765,0.995,1
"33",2048,"slowpoke_flat","tolerance:0.01","error: 1%","custom","0.5","0.5","strong","0ms",NA,80.3759419066,22.890622,304.322454,544.174215,20171.4212504,89.2223416551,12.207478,3354.26697509,84.79914178085,NA,11.8469978512,0.744959735565,0.995,1
"34",2048,"google","tolerance:0.01","error: 1%","custom","0.5","0.5","strong","0ms",NA,88.5246318623,10.844762,413.084841,1049.18141,19081.8461274,136.689428141,2.152499,1661.59493823,112.60703000165,NA,12.486931291,0.756353970525,0.995,1
"35",2048,"amazon","tolerance:0.01","error: 1%","custom","0.5","0.5","strong","0ms","Geo-
distributed",91.3498496082,13.261265,488.930326,945.732961,16457.1505115,209.784559459,2.229055,1416.72979545,150.5672045336,NA,12.3348000949,0.76868420926,0.995,1
"36",2048,"flat5","consistency:strong","strong","custom","0.5","0.5","strong","0ms",NA,115.972942584,111.904276,175.342684,216.336748,10504.5881598,110.032696038,105.66504,5212.39261605,113.002819311,NA,0,0,0,0
"37",2048,"slowpoke_flat","consistency:strong","strong","custom","0.5","0.5","strong","0ms",NA,298.446883896,274.865628,585.663428,1247.633424,2473.24690519,289.589701553,282.032558,1497.76486317,294.0182927245,NA,0,0,0,0
"38",2048,"google","consistency:strong","strong","custom","0.5","0.5","strong","0ms",NA,1129.95777229,1064.547751,2059.309536,2246.878926,838.765140861,1123.88672401,1089.013063,445.709549791,1126.92224815,NA,0,0,0,0
"39",2048,"amazon","consistency:strong","strong","custom","0.5","0.5","strong","0ms","Geo-
distributed",973.34413267,881.578446,2145.161273,2510.02293,963.281295782,936.022240768,881.845907,522.979659,954.683186719,NA,0,0,0,0
"40",2048,"fast","consistency:weakwrite","weak","custom","0.1","0.9","strong","0ms",NA,11.4944794871,11.934909,23.5324,30.059796,51446.228569,12.2169746003,12.203336,5177.1378216,11.56672899842,NA,0,0,0,0
"41",2048,"flat5","consistency:weakwrite","weak","custom","0.1","0.9","strong","0ms",NA,13.9871691772,13.697422,23.41225,30.4064,85984.1767887,14.5959163432,14.314635,8507.42774594,14.0480438938,NA,0,0.00313482768281,0.09,0.77
"42",2048,"slowpoke_flat","consistency:weakwrite","weak","custom","0.1","0.9","strong","0ms",NA,17.1650117608,17.316958,22.428873,31.197758,62526.3669056,18.0488192093,17.973398,6221.87404437,17.25339250565,NA,0,0.0268085657648,0.72,1.95
"43",2048,"google","consistency:weakwrite","weak","custom","0.1","0.9","strong","0ms",NA,10.4597701903,9.760618,13.077465,20.722688,82724.223686,12.2623548219,10.119301,8161.59479706,10.64002865346,NA,0,0.00568244979701,0.24,0.76
"44",2048,"amazon","consistency:weakwrite","weak","custom","0.1","0.9","strong","0ms","Geo-
distributed",10.5932003591,9.331877,12.29394,21.729914,84694.4325154,11.2815290597,9.691763,8325.89209963,10.66203322916,NA,0,0,0,0
"45",2048,"fast","tolerance:0.1","error: 10%","custom","0.1","0.9","strong","0ms",NA,61.9794089241,51.828376,148.228315,287.369215,25548.0722159,14.7876579407,9.38228,2575.7635581,57.26023382576,NA,145.648633451,9.6979810004,10,10
"46",2048,"flat5","tolerance:0.1","error: 10%","custom","0.1","0.9","strong","0ms",NA,49.0961335481,45.107625,100.781583,125.851136,34274.239223,17.3671994555,14.106337,3431.5409602,45.92324013884,NA,150.831282414,9.7283309449,10,10
"47",2048,"slowpoke_flat","tolerance:0.1","error: 10%","custom","0.1","0.9","strong","0ms",NA,53.8127375521,35.847502,98.678081,553.625338,32235.6469428,40.8076073621,17.266118,2089.85602085,52.5122245331,NA,146.793498673,9.6585355637,10,10
"48",2048,"google","tolerance:0.1","error: 10%","custom","0.1","0.9","strong","0ms",NA,52.9033691947,19.219893,89.596199,1090.342533,31874.7489409,62.5675792999,2.327666,1302.46453627,53.86979020522,NA,147.392711925,9.6857693963,10,10
"49",2048,"amazon","tolerance:0.1","error: 10%","custom","0.1","0.9","strong","0ms","Geo-
distributed",58.9390493564,19.809738,84.203805,1558.65894,30147.6276259,69.4242172622,2.327038,1251.13401474,59.98756614698,NA,145.518712186,9.73900933975,10,10
"50",2048,"fast","tolerance:0.01","error: 1%","custom","0.1","0.9","strong","0ms",NA,70.5461086251,58.470202,179.296371,298.920216,23162.489693,5.59060404132,1.165986,2348.84712843,64.050558166722,NA,11.5871322283,0.734693210495,0.995,1
"51",2048,"flat5","tolerance:0.01","error: 1%","custom","0.1","0.9","strong","0ms",NA,67.1208974021,22.65835,299.796216,431.007149,25598.1792359,33.6650404507,7.687789,2548.09922414,63.77531170696,NA,11.6165746292,0.74251202526,0.995,0.995
"52",2048,"slowpoke_flat","tolerance:0.01","error: 1%","custom","0.1","0.9","strong","0ms",NA,136.305901392,16.065369,660.116797,1929.78481,13341.3528557,145.758569863,13.212958,1205.20677116,137.2511682391,NA,11.8121058691,0.74461839326,0.995,1
"53",2048,"google","tolerance:0.01","error: 1%","custom","0.1","0.9","strong","0ms",NA,93.8204107294,3.824661,581.826128,1343.024383,13528.8849659,131.49696945,2.045012,957.99057895,97.58806660146,NA,12.1899630354,0.73701512878,0.995,0.995
"54",2048,"amazon","tolerance:0.01","error: 1%","custom","0.1","0.9","strong","0ms","Geo-
distributed",182.178843884,2.693354,1060.56624,2344.317876,8656.07154585,209.787629885,2.071174,700.737981773,184.9397224841,NA,11.1673651057,0.73938083784,0.995,1
"55",2048,"flat5","consistency:strong","strong","custom","0.1","0.9","strong","0ms",NA,131.578695731,132.284026,224.249748,274.878936,9932.34108613,127.203470229,128.450197,995.641480841,131.1411731808,NA,0,0,0,0
"56",2048,"fast","consistency:strong","strong","custom","0.5","0.5","strong","0ms",NA,12.2808006307,10.705632,28.194659,37.605834,49157.1451066,11.3628882135,9.797078,29791.7831963,11.8218444221,NA,0,0,0,0
"57",2048,"fast","consistency:strong","strong","custom","0.1","0.9","strong","0ms",NA,16.0033344501,15.199827,31.616838,41.847783,76155.3543651,14.4228797301,13.747031,7593.89746725,15.8452889781,NA,0,0,0,0
"58",2048,"slowpoke_flat","consistency:strong","strong","custom","0.1","0.9","strong","0ms",NA,331.872889245,300.867172,607.789203,1400.443416,3352.81089167,321.045280445,299.686386,335.885568194,330.790128365,NA,0,0,0,0
"59",2048,"google","consistency:strong","strong","custom","0.1","0.9","strong","0ms",NA,1316.1808147,1252.09595,2406.396798,2578.905038,955.532639722,1270.70462017,1209.852372,97.4534455353,1311.633195247,NA,0,0,0,0
"60",2048,"amazon","consistency:strong","strong","custom","0.1","0.9","strong","0ms","Geo-
distributed",1099.30285665,938.500899,2826.998454,3307.725003,1090.74903253,1079.92738652,892.641712,112.567210529,1097.365309637,NA,0,0,0,0
"61",2048,"fast","consistency:weakwrite","weak","custom","0.01","0.99","strong","0ms",NA,11.7150509176,12.171995,22.444068,29.447774,90014.7573398,12.4028666045,12.780165,891.502761656,11.721929074469,NA,0,0,0,0
"62",2048,"flat5","consistency:weakwrite","weak","custom","0.01","0.99","strong","0ms",NA,15.8756091372,15.319948,26.58184,33.088547,106211.964023,17.1484378116,16.52122,1049.55520405,15.888337423944,NA,0,0.00991890869967,0.29,0.3
"63",2048,"slowpoke_flat","consistency:weakwrite","weak","custom","0.01","0.99","strong","0ms",NA,16.8486259423,17.401558,23.358906,27.349755,72160.7165727,17.9636690193,18.055032,720.397301728,16.85977637307,NA,0,0.0677460594395,0.77,0.77
"64",2048,"google","consistency:weakwrite","weak","custom","0.01","0.99","strong","0ms",NA,11.1556009523,9.789923,12.270191,21.006631,90689.280949,12.0580311634,10.2138,904.148374766,11.164625254411,NA,0,0.0085684034062,0.25,0.38
"65",2048,"amazon","consistency:weakwrite","weak","custom","0.01","0.99","strong","0ms","Geo-
distributed",12.530839801,9.369674,13.133193,145.796504,91495.2921736,10.7966939715,9.8768,915.245804449,12.513498342705,NA,0,0.00154164909597,0,0.19
"66",2048,"fast","tolerance:0.1","error: 10%","custom","0.01","0.99","strong","0ms",NA,59.5131600864,51.02588,147.263177,264.559414,27237.4611749,13.7428830729,5.530102,273.354357588,59.055457316265,NA,144.584824204,9.11120323875,9.98,9.98
"67",2048,"flat5","tolerance:0.1","error: 10%","custom","0.01","0.99","strong","0ms",NA,45.9111363559,43.011987,81.904119,124.606662,38878.2355836,23.1337970785,19.802827,388.940081885,45.683362963126,NA,133.793180021,9.37188007435,10,10
"68",2048,"slowpoke_flat","tolerance:0.1","error: 10%","custom","0.01","0.99","strong","0ms",NA,84.6978151031,40.0566,213.107444,729.300398,18782.0476377,71.4097711603,16.932557,185.533572941,84.564934663672,NA,128.431504354,9.00841755985,10,10
"69",2048,"google","tolerance:0.1","error: 10%","custom","0.01","0.99","strong","0ms",NA,249.353764276,181.110599,739.569069,1690.775443,7327.52466976,282.265666138,179.800647,75.4567063636,249.68288329462,NA,85.1849443193,7.3080138726,9.79,9.79
"70",2048,"amazon","tolerance:0.1","error: 10%","custom","0.01","0.99","strong","0ms","Geo-
distributed",198.086729621,110.839247,1091.323035,1652.87835,9339.38115049,238.67998054,107.38565,90.9919502417,198.49266213019,NA,123.681341376,7.21481231165,9.98,9.98
"71",2048,"fast","tolerance:0.01","error: 1%","custom","0.01","0.99","strong","0ms",NA,57.1631244012,49.597125,126.29184,271.527631,26289.6066631,17.3236370778,7.114899,262.525305314,56.764729527966,NA,10.8336475243,0.698057392465,0.97,0.97
"72",2048,"flat5","tolerance:0.01","error: 1%","custom","0.01","0.99","strong","0ms",NA,59.0018890371,16.193701,316.298528,681.454236,32752.2318048,40.5629698337,7.726415,328.78958597,58.817499845066,NA,10.4800782916,0.68025751704,1,1
"73",2048,"slowpoke_flat","tolerance:0.01","error: 1%","custom","0.01","0.99","strong","0ms",NA,211.174202685,25.557985,1356.000277,2952.307016,8997.91927669,227.100187806,17.73604,87.1409301977,211.33346253621,NA,7.33481260485,0.4880704153335,0.85,0.85
"74",2048,"google","tolerance:0.01","error: 1%","custom","0.01","0.99","strong","0ms",NA,108.642017146,12.883876,506.772355,1582.485913,12389.6605305,87.9197432996,2.925642,120.759043304,108.434794407536,NA,11.4489958542,0.64052444098,0.985,0.985
"75",2048,"amazon","tolerance:0.01","error: 1%","custom","0.01","0.99","strong","0ms","Geo-
distributed",528.072274011,2.890993,3919.922654,5434.118589,3829.34390296,569.726963949,2.407857,38.7519606476,528.48882091038,NA,3.42104522074,0.407976064001,0.5,0.5
"76",2048,"fast","consistency:strong","strong","custom","0.01","0.99","strong","0ms",NA,14.2251828564,13.67057,28.90858,35.526416,80131.5692957,13.7591373706,13.329929,798.608541743,14.220522401542,NA,0,0,0,0
"77",2048,"flat5","consistency:strong","strong","custom","0.01","0.99","strong","0ms",NA,112.369888223,112.052804,185.454649,237.082806,13217.1459086,108.551121203,105.723709,133.759065088,112.3317005528,NA,0,0,0,0
"78",2048,"slowpoke_flat","consistency:strong","strong","custom","0.01","0.99","strong","0ms",NA,272.741955041,261.032583,465.441508,1241.080891,4420.19513327,264.409562126,248.606834,44.2268685972,272.65863111185,NA,0,0,0,0
"79",2048,"google","consistency:strong","strong","custom","0.01","0.99","strong","0ms",NA,1099.71407406,1095.135944,2045.801943,2298.676394,1287.67198618,1090.16088711,1062.407713,13.0109741576,1099.6185421905,NA,0,0,0,0
"80",2048,"amazon","consistency:strong","strong","custom","0.01","0.99","strong","0ms","Geo-
distributed",928.95410486,820.083711,2545.164756,2874.799209,1518.77102541,887.258517398,821.301112,15.9591692035,928.53714898538,NA,0,0,0,0
"81",2048,"fast","consistency:weakwrite","weak","custom","1.0","0.0","strong","0ms",NA,0.888808103882,0.369805,2.817693,7.762416,133.875571407,0.898123138147,0.297664,50451.7930842,0.898123138147,NA,0,0.208123261084,2.33,5.18
"82",2048,"flat5","consistency:weakwrite","weak","custom","1.0","0.0","strong","0ms",NA,7.50193397012,5.562512,20.5404,26.911026,104.110050287,7.17719754754,6.846568,39341.1290742,7.17719754754,NA,0,0.874567874745,9.17,18.6
"83",2048,"slowpoke_flat","consistency:weakwrite","weak","custom","1.0","0.0","strong","0ms",NA,15.0002087113,12.143819,37.142461,46.63598,103.281221716,15.3937020904,13.859484,38932.69497,15.3937020904,NA,0,0.193359635195,4.15,10.52
"84",2048,"google","consistency:weakwrite","weak","custom","1.0","0.0","strong","0ms",NA,4.95315279004,2.96234,9.640627,16.985906,153.394483289,6.22141325652,4.328386,57859.8384303,6.22141325652,NA,0,0.146227360118,0,100
"85",2048,"amazon","consistency:weakwrite","weak","custom","1.0","0.0","strong","0ms","Geo-
distributed",5.73737214585,2.170171,7.942387,124.66023,130.823486419,4.79024784263,2.516377,49303.1313949,4.79024784263,NA,0,0.340458066839,0,224.71
"86",2048,"fast","tolerance:0.1","error: 10%","custom","1.0","0.0","strong","0ms",NA,4.78657033263,3.198033,13.509374,22.967625,88.777763527,7.70390066522,5.321254,33646.8949602,7.70390066522,NA,149.716200551,9.65791988335,10,10
"87",2048,"flat5","tolerance:0.1","error: 10%","custom","1.0","0.0","strong","0ms",NA,8.31279218337,7.290987,14.171197,22.423074,77.6380923187,10.9834133213,9.027991,29033.4552803,10.9834133213,NA,146.705715395,9.761343144,10,10
"88",2048,"slowpoke_flat","tolerance:0.1","error: 10%","custom","1.0","0.0","strong","0ms",NA,20.2405526457,11.07833,54.745695,101.247833,18.6569927325,47.3210159475,35.367792,7026.98498633,47.3210159475,NA,146.326219776,9.75992298755,10,10
"89",2048,"google","tolerance:0.1","error: 10%","custom","1.0","0.0","strong","0ms",NA,7.2853388931,2.311798,23.456128,165.93975,9.01469795859,69.9113019996,21.713838,3383.89144265,69.9113019996,NA,147.292238387,9.76710110325,10,10
"90",2048,"amazon","tolerance:0.1","error: 10%","custom","1.0","0.0","strong","0ms","Geo-
distributed",9.98261970403,2.395375,39.406554,186.779419,6.83429701581,67.1138104821,22.895913,2600.38676044,67.1138104821,NA,148.631817465,9.7785391916,10,10
"91",2048,"fast","tolerance:0.01","error: 1%","custom","1.0","0.0","strong","0ms",NA,7.76373963962,5.030295,23.344929,33.956876,82.0584004294,11.9356054852,9.33124,30891.8959989,11.9356054852,NA,12.1114310429,0.75694280625,0.995,1
"92",2048,"flat5","tolerance:0.01","error: 1%","custom","1.0","0.0","strong","0ms",NA,9.92137030305,7.577123,23.724161,35.647033,68.0591301368,24.1710805939,15.216645,25639.936702,24.1710805939,NA,11.9139988797,0.757516174585,0.995,1
"93",2048,"slowpoke_flat","tolerance:0.01","error: 1%","custom","1.0","0.0","strong","0ms",NA,16.1436798524,11.147208,36.67092,101.469462,12.0464103666,114.594405826,35.88954,4551.66024569,114.594405826,NA,12.048539628,0.757666372615,0.995,1
"94",2048,"google","tolerance:0.01","error: 1%","custom","1.0","0.0","strong","0ms",NA,8.89910470977,2.350099,18.607538,167.139431,5.99979950666,183.49594916,24.902435,2276.12365149,183.49594916,NA,11.9857169803,0.752474461075,0.995,1
"95",2048,"amazon","tolerance:0.01","error: 1%","custom","1.0","0.0","strong","0ms","Geo-
distributed",7.23176833319,2.416648,36.799743,99.608568,4.75164718053,188.730861415,22.127925,1789.14191582,188.730861415,NA,12.0573584308,0.75023874011,0.99,0.995
"96",2048,"fast","consistency:strong","strong","custom","1.0","0.0","strong","0ms",NA,2.66492411595,1.856869,7.370339,15.395745,176.11995914,3.156998922,2.292937,66093.7297236,3.156998922,NA,0,0,0,0
"97",2048,"flat5","consistency:strong","strong","custom","1.0","0.0","strong","0ms",NA,37.3435504235,30.215266,74.523174,87.607579,58.8540775917,50.0023129366,48.690278,22144.9885073,50.0023129366,NA,0,0,0,0
"98",2048,"slowpoke_flat","consistency:strong","strong","custom","1.0","0.0","strong","0ms",NA,145.915291066,107.134886,317.261008,637.569199,13.8247085663,181.266365136,175.096735,5229.36619081,181.266365136,NA,0,0,0,0
"99",2048,"google","consistency:strong","strong","custom","1.0","0.0","strong","0ms",NA,550.597318562,476.439394,1101.685383,1240.388797,4.06281918015,700.413242606,681.093321,1562.22225285,700.413242606,NA,0,0,0,0
"100",2048,"amazon","consistency:strong","strong","custom","1.0","0.0","strong","0ms","Geo-
distributed",405.734129903,354.023584,808.74394,1096.124473,4.4022331352,597.743255491,561.549121,1671.74442647,597.743255491,NA,0,0,0,0
"101",2048,"fast","consistency:weakwrite","weak","custom","0.5","0.5","strong","0ms",NA,4.98118221826,3.060151,15.317226,20.768643,62076.7296041,4.39644822193,2.242477,35623.9051569,4.688815220095,NA,0,0.0172514257743,0.43,2.02
"102",2048,"flat5","consistency:weakwrite","weak","custom","0.5","0.5","strong","0ms",NA,12.1141758419,11.659717,21.096137,27.59307,54856.2034262,12.6211415178,12.135816,31303.2155198,12.36765867985,NA,0,0.0502578856498,1.4,3.45
"103",2048,"slowpoke_flat","consistency:weakwrite","weak","custom","0.5","0.5","strong","0ms",NA,16.6778775177,15.348135,23.397815,31.031978,47129.9875743,17.1224295882,16.15277,21751.8860161,16.90015355295,NA,0,0.0527146076931,1.43,3.14
"104",2048,"google","consistency:weakwrite","weak","custom","0.5","0.5","strong","0ms",NA,11.8839421891,10.199808,15.3775,24.4095,53681.7883076,11.3778040391,10.678448,30870.0767683,11.6308731141,NA,0,0.00565905881454,0,1.19
"105",2048,"amazon","consistency:weakwrite","weak","custom","0.5","0.5","strong","0ms","Geo-
distributed",11.3475937874,10.617744,14.526392,19.995295,53645.8855323,12.9489608234,11.154263,26490.0017449,12.1482773054,NA,0,0.148466496115,0.22,99.51
"106",2048,"flat5","tolerance:0.1","error: 10%","custom","0.5","0.5","strong","0ms",NA,37.1041905782,34.712516,69.171405,97.676203,30097.7956844,25.46978612,23.932725,15033.2213413,31.2869883491,NA,147.459222854,9.48334776665,10,10
"107",2048,"slowpoke_flat","tolerance:0.1","error: 10%","custom","0.5","0.5","strong","0ms",NA,46.1457512243,35.824291,83.455803,424.294618,32786.7264945,36.6465916284,17.281151,3755.70211731,41.39617142635,NA,148.915829315,9.55212435765,10,10
"108",2048,"google","tolerance:0.1","error: 10%","custom","0.5","0.5","strong","0ms",NA,41.0215036466,19.953845,135.192841,439.130772,32366.0765578,51.932296471,2.647826,1885.70660256,46.4769000588,NA,146.531535973,9.5183186476,10,10
"109",2048,"amazon","tolerance:0.1","error: 10%","custom","0.5","0.5","strong","0ms","Geo-
distributed",47.281005697,21.132893,92.925687,1096.209559,30092.59128,63.6264937077,2.718873,1660.28363509,55.45374970235,NA,147.170909406,9.57837050505,10,10
"110",2048,"fast","tolerance:0.01","error: 1%","custom","0.5","0.5","strong","0ms",NA,63.5218387408,51.687167,179.347555,235.053353,20790.3446201,22.1857005285,18.918778,11546.6952021,42.85376963465,NA,12.0097242925,0.74377793076,0.995,1
"111",2048,"flat5","tolerance:0.01","error: 1%","custom","0.5","0.5","strong","0ms",NA,49.0480466902,38.005351,114.884145,133.03023,26815.5948624,26.1733671804,13.051369,13521.429235,37.6107069353,NA,11.8408792251,0.744311889665,0.995,1
"112",2048,"slowpoke_flat","tolerance:0.01","error: 1%","custom","0.5","0.5","strong","0ms",NA,73.8638354362,18.472561,317.337619,567.427751,20534.019377,102.917554535,13.78567,3351.53289763,88.3906949856,NA,11.5773408037,0.735011732565,1,1
"113",2048,"google","tolerance:0.01","error: 1%","custom","0.5","0.5","strong","0ms",NA,198.858377148,124.106445,718.601574,986.891852,6812.84273581,288.455365447,123.437121,1709.69477572,243.6568712975,NA,12.0517051855,0.75920904872,0.995,1
"114",2048,"amazon","tolerance:0.01","error: 1%","custom","0.5","0.5","strong","0ms","Geo-
distributed",95.7611010173,5.625703,560.800481,1371.855331,15612.4905886,241.835180249,2.425955,1540.02755854,168.79814063315,NA,12.2253213994,0.756973371645,0.995,1
"115",2048,"fast","consistency:strong","strong","custom","0.5","0.5","strong","0ms",NA,13.3258700806,12.250862,28.342861,40.060986,44386.4798791,11.006327838,9.358826,29888.3200932,12.1660989593,NA,0,0,0,0
"116",2048,"flat5","consistency:strong","strong","custom","0.5","0.5","strong","0ms",NA,115.920187401,112.169372,175.521877,211.629989,10191.8070875,108.205878135,105.687371,5151.23988809,112.063032768,NA,0,0,0,0
"117",2048,"slowpoke_flat","consistency:strong","strong","custom","0.5","0.5","strong","0ms",NA,302.266971878,283.782297,592.218732,1203.675525,2582.29796113,282.456935622,276.898609,1505.45047388,292.36195375,NA,0,0,0,0
"118",2048,"google","consistency:strong","strong","custom","0.5","0.5","strong","0ms",NA,1150.00169551,1088.841548,1999.231385,2281.060435,857.395978318,1094.42845039,1028.634405,464.823810134,1122.21507295,NA,0,0,0,0
"119",2048,"amazon","consistency:strong","strong","custom","0.5","0.5","strong","0ms","Geo-
distributed",1014.49688498,875.399023,2506.665032,2708.19845,892.242632866,954.219236592,866.940719,495.948162162,984.358060786,NA,0,0,0,0
"120",2048,"fast","consistency:weakwrite","weak","custom","0.1","0.9","strong","0ms",NA,11.8042682418,12.606878,22.442228,29.118589,81412.2667995,12.3668355836,12.801879,8144.65899806,11.86052497598,NA,0,0,0,0
"121",2048,"flat5","consistency:weakwrite","weak","custom","0.1","0.9","strong","0ms",NA,14.8164102098,12.693451,20.854869,111.404241,68014.2820049,14.1221865271,13.166806,6921.87002146,14.74698784153,NA,0,0.00161179229908,0.08,0.24
"122",2048,"slowpoke_flat","consistency:weakwrite","weak","custom","0.1","0.9","strong","0ms",NA,19.5522178891,17.830964,23.193428,115.94125,50135.1876603,20.6030301233,18.297752,5048.63871651,19.65729911252,NA,0,0.0237331884423,0.79,1.14
"123",2048,"google","consistency:weakwrite","weak","custom","0.1","0.9","strong","0ms",NA,10.8208894789,9.354558,12.631532,20.881385,84142.3434326,12.1135367734,9.683713,8314.68592762,10.95015420835,NA,0,0.00953258324694,0.28,1.14
"124",2048,"amazon","consistency:weakwrite","weak","custom","0.1","0.9","strong","0ms","Geo-
distributed",11.1670865299,9.518003,11.994515,19.225584,84426.4275441,11.8356888497,9.868748,8227.18128321,11.23394676188,NA,0,0.0141578306694,0.48,1.77
"125",2048,"fast","tolerance:0.1","error: 10%","custom","0.1","0.9","strong","0ms",NA,89.7404336969,71.517079,260.275148,380.185096,18888.9047177,2.61531902063,0.811696,1925.02751136,81.027922229273,NA,142.259834314,9.66036646835,10,10
"126",2048,"flat5","tolerance:0.1","error: 10%","custom","0.1","0.9","strong","0ms",NA,67.0754145464,62.949537,139.537039,174.341115,26312.2743149,10.847221635,7.02555,2650.19122004,61.45259525526,NA,145.155166886,9.7096279493,10,10
"127",2048,"slowpoke_flat","tolerance:0.1","error: 10%","custom","0.1","0.9","strong","0ms",NA,69.8362062927,38.628322,224.5716,553.374037,23486.8530842,35.6663223567,12.367249,1756.59370104,66.4192178991,NA,150.936578602,9.67336835605,10,10
"128",2048,"google","tolerance:0.1","error: 10%","custom","0.1","0.9","strong","0ms",NA,192.853704602,180.190278,196.215505,673.538579,8901.50207645,192.944412184,178.124308,782.142706367,192.8627753602,NA,145.200750425,9.63169640695,10,10
"129",2048,"amazon","tolerance:0.1","error: 10%","custom","0.1","0.9","strong","0ms","Geo-
distributed",360.258980746,323.975357,420.01008,1733.111318,4647.92834277,347.62228206,317.024346,429.009810303,358.9953108774,NA,135.167657559,8.79728558085,9.985,9.985
"130",2048,"fast","tolerance:0.01","error: 1%","custom","0.1","0.9","strong","0ms",NA,67.0280390007,54.618079,182.062482,294.381101,23212.3323283,14.6201635446,6.315107,2346.99700532,61.78725145509,NA,11.9353714087,0.75695722296,0.995,1
"131",2048,"flat5","tolerance:0.01","error: 1%","custom","0.1","0.9","strong","0ms",NA,58.3855597121,21.557623,277.06992,391.71649,29119.5642459,33.9085353379,8.627186,2909.73427012,55.93785727468,NA,11.9667371158,0.741297619695,0.995,1
"132",2048,"slowpoke_flat","tolerance:0.01","error: 1%","custom","0.1","0.9","strong","0ms",NA,104.747472252,16.518864,536.326367,1001.463861,14206.763585,89.6020828449,13.611763,1270.07472632,103.23293331129,NA,12.3833814576,0.764239638,1,1
"133",2048,"google","tolerance:0.01","error: 1%","custom","0.1","0.9","strong","0ms",NA,169.578099885,3.509349,1054.920085,2905.049957,9613.27788911,182.991994616,2.203228,670.843740773,170.9194893581,NA,11.4622684925,0.75757122643,0.995,1
"134",2048,"amazon","tolerance:0.01","error: 1%","custom","0.1","0.9","strong","0ms","Geo-
distributed",164.787146889,3.099929,1139.076102,2582.274827,9095.57051184,212.307986993,2.194655,635.499289614,169.5392308994,NA,11.3681753898,0.75201620246,0.995,0.995
"135",2048,"fast","consistency:strong","strong","custom","0.1","0.9","strong","0ms",NA,16.1414371935,15.425727,30.738308,35.715917,67593.5682756,14.6043513838,14.277307,6767.18250383,15.98772861253,NA,0,0,0,0
"136",2048,"flat5","consistency:strong","strong","custom","0.1","0.9","strong","0ms",NA,134.734858895,135.155149,223.704221,308.825679,9956.55743934,127.526061136,131.110762,987.576078412,134.0139791191,NA,0,0,0,0
"137",2048,"slowpoke_flat","consistency:strong","strong","custom","0.1","0.9","strong","0ms",NA,321.201875703,299.984365,570.604546,1410.77495,3369.40342391,334.901426339,299.295718,342.135762959,322.5718307666,NA,0,0,0,0
"138",2048,"google","consistency:strong","strong","custom","0.1","0.9","strong","0ms",NA,1311.45476041,1231.164105,2402.286193,2717.922099,921.216371573,1269.64282767,1228.511005,97.3684487628,1307.273567136,NA,0,0,0,0
"139",2048,"amazon","consistency:strong","strong","custom","0.1","0.9","strong","0ms","Geo-
distributed",1063.28726033,975.466268,2436.175247,3157.126563,1155.98535497,1039.79384577,935.489772,116.082175114,1060.937918874,NA,0,0,0,0
"140",2048,"fast","consistency:weakwrite","weak","custom","0.01","0.99","strong","0ms",NA,11.9183590331,11.736578,24.760525,31.170443,74883.3813566,13.2249857885,13.119397,749.669228221,11.931425300654,NA,0,0,0,0
"141",2048,"flat5","consistency:weakwrite","weak","custom","0.01","0.99","strong","0ms",NA,16.0274677172,15.122443,26.928107,32.735372,103502.358096,16.6978600745,15.797356,1026.4391026,16.034171640773,NA,0,0.0206893960492,0.26,0.27
"142",2048,"slowpoke_flat","consistency:weakwrite","weak","custom","0.01","0.99","strong","0ms",NA,16.7506033945,17.25936,23.328063,27.334242,74261.1193838,17.3161043343,18.073689,742.277035562,16.756258403898,NA,0,0.0497795197292,0.51,0.51
"143",2048,"google","consistency:weakwrite","weak","custom","0.01","0.99","strong","0ms",NA,13.8733312493,9.764391,12.11021,22.372613,90083.2873814,13.0667959838,10.304444,908.019346161,13.865265896645,NA,0,0.00226962149051,0,0.23
"144",2048,"amazon","consistency:weakwrite","weak","custom","0.01","0.99","strong","0ms","Geo-
distributed",10.835130455,10.005636,12.67549,18.058317,88598.7359522,11.8701790504,10.485844,895.990344311,10.845480940954,NA,0,0.00122266087306,0,0.15
"145",2048,"fast","tolerance:0.1","error: 10%","custom","0.01","0.99","strong","0ms",NA,77.9553546246,57.519549,237.26742,419.870009,23968.914146,2.90119071488,0.772568,240.756170614,77.2048129855028,NA,151.197446449,8.82753820315,10,10
"146",2048,"flat5","tolerance:0.1","error: 10%","custom","0.01","0.99","strong","0ms",NA,60.1758478865,59.891248,122.224028,154.23531,30275.7066059,12.5311776861,7.089887,303.230212411,59.699401184496,NA,142.411513059,9.31660284465,9.97,9.97
"147",2048,"slowpoke_flat","tolerance:0.1","error: 10%","custom","0.01","0.99","strong","0ms",NA,71.4691934574,21.040527,387.303893,631.940694,25877.1288738,48.6586767462,12.770352,255.122233397,71.241088290288,NA,137.084003534,8.87313774205,10,10
"148",2048,"google","tolerance:0.1","error: 10%","custom","0.01","0.99","strong","0ms",NA,266.010284417,180.929543,1135.91041,1680.423355,6599.26554669,292.705690813,178.891829,64.9334308169,266.27723848096,NA,75.5576559421,7.64004918555,9.755,9.755
"149",2048,"amazon","tolerance:0.1","error: 10%","custom","0.01","0.99","strong","0ms","Geo-
distributed",129.040583937,4.982614,658.285314,1551.906975,12113.0481828,92.5087588288,2.117971,114.645053263,128.675265685918,NA,92.6120078464,7.74198631915,10,10
"150",2048,"fast","tolerance:0.01","error: 1%","custom","0.01","0.99","strong","0ms",NA,77.219368341,71.103447,178.247401,272.881799,23181.0933902,11.2977196323,0.892285,231.066803517,76.560151853913,NA,10.3165033297,0.71453734861,0.995,0.995
"151",2048,"flat5","tolerance:0.01","error: 1%","custom","0.01","0.99","strong","0ms",NA,67.8676631447,42.980393,236.599451,430.220739,27565.1706101,30.061564879,7.238962,277.972536381,67.489602162043,NA,11.024898303,0.698059621265,0.985,0.985
"152",2048,"slowpoke_flat","tolerance:0.01","error: 1%","custom","0.01","0.99","strong","0ms",NA,166.186836508,16.50146,748.698971,2411.147171,9920.13445167,153.885275582,10.932655,96.7355333609,166.06382089874,NA,12.0172597384,0.71137699822,0.98,0.98
"153",2048,"google","tolerance:0.01","error: 1%","custom","0.01","0.99","strong","0ms",NA,320.958532526,2.924463,2189.282858,4158.618132,5452.77872536,370.41852043,2.1814,53.2121314258,321.45313240504,NA,5.33606856485,0.51656529524,0.73,0.73
"154",2048,"amazon","tolerance:0.01","error: 1%","custom","0.01","0.99","strong","0ms","Geo-
distributed",280.946887477,23.81481,1527.447672,4526.221734,9328.29386483,232.540451805,2.06643,92.1747474204,280.46282312028,NA,12.2581395111,0.633166375395,0.9,0.9
"155",2048,"fast","consistency:strong","strong","custom","0.01","0.99","strong","0ms",NA,14.7477052086,14.268152,29.409366,37.599414,78668.7741672,13.9879223168,13.35615,783.553422137,14.740107379682,NA,0,0,0,0
"156",2048,"flat5","consistency:strong","strong","custom","0.01","0.99","strong","0ms",NA,110.172022317,111.518859,184.892221,250.077125,13226.8826019,108.8634631,106.784306,132.443558448,110.15893672483,NA,0,0,0,0
"157",2048,"slowpoke_flat","consistency:strong","strong","custom","0.01","0.99","strong","0ms",NA,277.199617064,258.306907,567.673124,1381.725307,4396.86944561,281.263444749,261.003093,44.8490622773,277.24025534085,NA,0,0,0,0
"158",2048,"google","consistency:strong","strong","custom","0.01","0.99","strong","0ms",NA,1090.98306663,1093.586207,2025.116451,2291.204263,1283.15558476,1100.77778381,1093.229994,12.9250473212,1091.0810138018,NA,0,0,0,0
"159",2048,"amazon","consistency:strong","strong","custom","0.01","0.99","strong","0ms","Geo-
distributed",936.511611208,840.665125,2283.134311,2713.215145,1422.54895574,927.662350089,838.869182,14.2733277788,936.42311859681,NA,0,0,0,0
"160",2048,"fast","consistency:weakwrite","weak","custom","1.0","0.0","strong","0ms",NA,1.02488654441,0.650357,2.601193,5.813176,232.821284072,1.05506085769,0.388198,88233.5862365,1.05506085769,NA,0,0.188304174939,1.89,7.72
"161",2048,"flat5","consistency:weakwrite","weak","custom","1.0","0.0","strong","0ms",NA,7.57421032443,6.131213,18.981476,22.898692,162.534627732,7.37492235958,6.525081,61385.6648924,7.37492235958,NA,0,0.449479227879,6.38,14.33
"162",2048,"slowpoke_flat","consistency:weakwrite","weak","custom","1.0","0.0","strong","0ms",NA,14.0487503677,11.735313,23.428543,44.780445,102.467775802,14.6212309164,13.658146,38580.8159188,14.6212309164,NA,0,0.308193061578,6.59,15.22
"163",2048,"google","consistency:weakwrite","weak","custom","1.0","0.0","strong","0ms",NA,4.84060535613,2.525991,9.993834,16.523357,147.389534025,6.58817063722,3.417551,55954.9439343,6.58817063722,NA,0,0.014947882747,0,16.28
"164",2048,"amazon","consistency:weakwrite","weak","custom","1.0","0.0","strong","0ms","Geo-
distributed",4.33243921982,2.474099,10.690051,18.319319,147.90053507,5.95636892491,3.0713,55890.0351888,5.95636892491,NA,0,0.21775228479,0,100
"165",2048,"fast","tolerance:0.1","error: 10%","custom","1.0","0.0","strong","0ms",NA,6.99092124642,5.100926,19.760328,26.888715,89.0103281683,10.5481634214,8.491686,33489.1333614,10.5481634214,NA,148.490684889,9.75868656055,10,10
"166",2048,"flat5","tolerance:0.1","error: 10%","custom","1.0","0.0","strong","0ms",NA,10.5403350548,8.349866,23.772975,36.311459,77.1192039914,18.1560598179,13.25146,29153.7548753,18.1560598179,NA,149.101586232,9.7601548392,10,10
"167",2048,"slowpoke_flat","tolerance:0.1","error: 10%","custom","1.0","0.0","strong","0ms",NA,14.5113539396,11.066072,30.033852,101.379629,16.4707097844,50.296635958,35.087067,6207.41692372,50.296635958,NA,147.116048501,9.7597587198,10,10
"168",2048,"google","tolerance:0.1","error: 10%","custom","1.0","0.0","strong","0ms",NA,7.27387521893,2.414557,22.42743,163.519252,8.78626162149,60.684634864,25.678585,3311.41007164,60.684634864,NA,146.356611225,9.75438114375,10,10
"169",2048,"amazon","tolerance:0.1","error: 10%","custom","1.0","0.0","strong","0ms","Geo-
distributed",11.8080528879,2.364287,63.07447,237.6102,7.92637570498,71.9800760955,20.793763,3006.30581042,71.9800760955,NA,148.084357761,9.773244912,10,10
"170",2048,"fast","tolerance:0.01","error: 1%","custom","1.0","0.0","strong","0ms",NA,8.08189475573,6.016069,21.675065,31.156376,96.1584662499,11.6604151816,9.304661,36386.5321509,11.6604151816,NA,12.338062838,0.750592583785,0.995,1
"171",2048,"flat5","tolerance:0.01","error: 1%","custom","1.0","0.0","strong","0ms",NA,10.407815016,8.278675,22.740551,30.85025,70.3610279304,23.4844305047,14.796311,26580.8412921,23.4844305047,NA,12.2878335268,0.76104275724,0.995,1
"172",2048,"slowpoke_flat","tolerance:0.01","error: 1%","custom","1.0","0.0","strong","0ms",NA,17.2973808907,11.307677,37.325641,101.831883,12.3494926581,117.726254725,32.057586,4611.88598291,117.726254725,NA,11.9786417622,0.75706185633,0.995,1
"173",2048,"google","tolerance:0.01","error: 1%","custom","1.0","0.0","strong","0ms",NA,9.75501164582,2.478736,25.370316,169.052592,6.00219156958,180.563604741,17.859739,2227.46387697,180.563604741,NA,11.5252033067,0.743556241405,0.995,0.995
"174",2048,"amazon","tolerance:0.01","error: 1%","custom","1.0","0.0","strong","0ms","Geo-
distributed",9.53335008889,2.490482,25.16456,218.629038,5.50577483691,173.665715635,23.130755,2076.61518348,173.665715635,NA,11.9883390805,0.76036782189,0.995,1
"175",2048,"fast","consistency:strong","strong","custom","1.0","0.0","strong","0ms",NA,3.30779461207,2.662593,8.020832,13.480286,194.444204882,4.00821534588,3.018484,73634.942288,4.00821534588,NA,0,0,0,0
"176",2048,"flat5","consistency:strong","strong","custom","1.0","0.0","strong","0ms",NA,33.0956414774,27.990165,65.96461,79.529706,58.7063012638,41.6247753239,37.889672,22103.0742152,41.6247753239,NA,0,0,0,0
"177",2048,"slowpoke_flat","consistency:strong","strong","custom","1.0","0.0","strong","0ms",NA,146.484629728,129.445985,305.121546,438.508019,13.9415869364,186.461442131,179.630395,5223.2586994,186.461442131,NA,0,0,0,0
"178",2048,"google","consistency:strong","strong","custom","1.0","0.0","strong","0ms",NA,572.075158959,502.102306,1104.004573,1275.85729,3.8730395478,693.190897117,679.200852,1476.08043832,693.190897117,NA,0,0,0,0
"179",2048,"amazon","consistency:strong","strong","custom","1.0","0.0","strong","0ms","Geo-
distributed",445.487629412,385.227841,907.285151,1880.723867,4.35066034897,610.37568452,555.626582,1618.52123463,610.37568452,NA,0,0,0,0
"180",2048,"fast","consistency:weakwrite","weak","custom","0.5","0.5","strong","0ms",NA,5.18192879342,3.157533,14.65257,20.951021,60713.5401328,4.8531218838,2.662627,40640.7576193,5.01752533861,NA,0,0.00602499282498,0.22,0.47
"181",2048,"flat5","consistency:weakwrite","weak","custom","0.5","0.5","strong","0ms",NA,12.4184097238,12.081512,21.399809,28.782561,52901.418324,13.0138119694,12.730738,29632.0462634,12.7161108466,NA,0,0.0302864390578,0.82,5.47
"182",2048,"slowpoke_flat","consistency:weakwrite","weak","custom","0.5","0.5","strong","0ms",NA,17.5275316044,16.831409,21.16022,29.357013,40704.8180578,18.2783848347,17.703324,20928.3986017,17.90295821955,NA,0,0.0315540834889,1.29,2.15
"183",2048,"google","consistency:weakwrite","weak","custom","0.5","0.5","strong","0ms",NA,14.41188045,10.713391,16.540535,128.789227,40058.0501922,14.3493857369,11.252936,22930.0473281,14.38063309345,NA,0,0.00371628759766,0,1.1
"184",2048,"amazon","consistency:weakwrite","weak","custom","0.5","0.5","strong","0ms","Geo-
distributed",11.3963409476,10.538653,14.715247,22.634964,52252.049765,13.6662870344,11.090212,28068.3374109,12.531313991,NA,0,0.0167680988933,0.48,3.26
"185",2048,"fast","tolerance:0.1","error: 10%","custom","0.5","0.5","strong","0ms",NA,64.971372188,51.886582,187.68641,277.54927,20282.7092419,19.9953115559,17.179383,11563.2178639,42.48334187195,NA,144.583834707,9.47363092575,10,10
"186",2048,"flat5","tolerance:0.1","error: 10%","custom","0.5","0.5","strong","0ms",NA,50.127209392,45.280791,107.932841,132.876189,26678.551497,21.4624135541,18.868977,13759.7042446,35.79481147305,NA,145.609974982,9.5336647793,10,10
"187",2048,"slowpoke_flat","tolerance:0.1","error: 10%","custom","0.5","0.5","strong","0ms",NA,61.5133519937,47.633499,131.582963,381.017162,26042.3001484,35.2451152534,14.088533,3922.30977883,48.37923362355,NA,148.563267191,9.51136551015,10,10
"188",2048,"google","tolerance:0.1","error: 10%","custom","0.5","0.5","strong","0ms",NA,73.6023343992,38.096063,183.411246,1312.010247,24044.0785143,60.8759144552,2.284953,1865.74098039,67.2391244272,NA,144.630125055,9.5073100783,10,10
"189",2048,"amazon","tolerance:0.1","error: 10%","custom","0.5","0.5","strong","0ms","Geo-
distributed",66.964214993,36.683853,196.087285,740.98727,23651.4896809,60.3562999808,2.128614,1742.79829456,63.6602574869,NA,148.990366196,9.54974940115,10,10
"190",2048,"fast","tolerance:0.01","error: 1%","custom","0.5","0.5","strong","0ms",NA,55.100049155,43.930604,162.874408,274.75522,21355.7509734,26.4554265548,27.74629,11752.3554962,40.7777378549,NA,12.0173391642,0.75581078469,0.995,0.995
"191",2048,"flat5","tolerance:0.01","error: 1%","custom","0.5","0.5","strong","0ms",NA,41.9770071439,32.471058,94.412278,109.242473,29659.5835564,30.2759993745,21.20212,14301.0482598,36.1265032592,NA,12.1298483008,0.766619472725,0.995,1
"192",2048,"slowpoke_flat","tolerance:0.01","error: 1%","custom","0.5","0.5","strong","0ms",NA,66.034914005,19.09129,270.534288,590.515501,21613.2100799,92.9828934193,14.349743,3269.15135186,79.50890371215,NA,11.9436960857,0.748753666605,0.995,1
"193",2048,"google","tolerance:0.01","error: 1%","custom","0.5","0.5","strong","0ms",NA,260.711330232,179.558987,854.778064,1449.573623,4932.54678635,384.897924467,181.855405,1454.83094345,322.8046273495,NA,11.7893877165,0.75068187897,0.995,0.995
"194",2048,"amazon","tolerance:0.01","error: 1%","custom","0.5","0.5","strong","0ms","Geo-
distributed",63.6153410855,5.183597,349.804391,819.789001,20272.1690829,159.708760227,2.439505,1487.76923037,111.66205065625,NA,12.4339625028,0.77363137464,0.99,0.995
"195",2048,"fast","consistency:strong","strong","custom","0.5","0.5","strong","0ms",NA,12.3089048901,11.423622,27.213131,32.549535,45664.8070795,11.488472482,10.762438,28618.89894,11.89868868605,NA,0,0,0,0
"196",2048,"flat5","consistency:strong","strong","custom","0.5","0.5","strong","0ms",NA,114.599908722,112.241935,178.121433,234.371474,10149.134133,109.95904878,105.628537,4767.93591627,112.279478751,NA,0,0,0,0
"197",2048,"slowpoke_flat","consistency:strong","strong","custom","0.5","0.5","strong","0ms",NA,310.709754176,285.075839,601.727996,1213.47289,2534.80038944,309.714270297,283.981498,1496.70372111,310.2120122365,NA,0,0,0,0
"198",2048,"google","consistency:strong","strong","custom","0.5","0.5","strong","0ms",NA,1135.67876958,1071.357494,2058.269925,2311.533924,835.346933786,1097.70848226,1052.43956,428.930305498,1116.69362592,NA,0,0,0,0
"199",2048,"amazon","consistency:strong","strong","custom","0.5","0.5","strong","0ms","Geo-
distributed",987.935801806,884.981962,2390.200895,2690.056614,830.41134419,982.535282075,935.379724,481.128164991,985.2355419405,NA,0,0,0,0
"200",2048,"fast","consistency:weakwrite","weak","custom","0.1","0.9","strong","0ms",NA,11.6691003391,11.290671,24.346753,31.037131,52387.7413507,11.838849414,11.483544,5287.53467445,11.68607524659,NA,0,0.000133812987865,0,0.17
"201",2048,"flat5","consistency:weakwrite","weak","custom","0.1","0.9","strong","0ms",NA,15.2899420033,14.606782,25.123425,32.438532,93463.8794749,16.170049861,15.434114,9057.9890529,15.37795278907,NA,0,0.00577594396692,0.26,1.01
"202",2048,"slowpoke_flat","consistency:weakwrite","weak","custom","0.1","0.9","strong","0ms",NA,18.5544905106,17.570633,22.182969,29.426701,58957.8620073,17.7758393432,17.870278,5852.78374829,18.47662539386,NA,0,0.02506442116,0.64,2.12
"203",2048,"google","consistency:weakwrite","weak","custom","0.1","0.9","strong","0ms",NA,11.2789195039,9.972952,13.923578,19.971944,74293.4766828,12.1056350153,10.275989,7338.89426801,11.36159105504,NA,0,0.015426904509,0.41,1.68
"204",2048,"amazon","consistency:weakwrite","weak","custom","0.1","0.9","strong","0ms","Geo-
distributed",11.5867475022,9.707166,12.160363,20.864126,81322.2526895,12.080476534,10.042077,7910.15675733,11.63612040538,NA,0,0.0013552478013,0,0.63
"205",2048,"fast","tolerance:0.1","error: 10%","custom","0.1","0.9","strong","0ms",NA,76.4863825338,59.833229,208.280214,335.50044,22247.5703891,3.28944213714,1.256042,2275.45227537,69.166688494134,NA,145.055558371,9.62513685595,10,10
"206",2048,"flat5","tolerance:0.1","error: 10%","custom","0.1","0.9","strong","0ms",NA,55.8148387939,50.714793,118.073036,171.786144,31362.6033972,13.6385645629,9.385131,3144.45663159,51.5972113708,NA,151.663345051,9.70632254795,10,10
"207",2048,"slowpoke_flat","tolerance:0.1","error: 10%","custom","0.1","0.9","strong","0ms",NA,56.5641758179,41.220882,115.30178,345.175366,28290.397955,31.0409675474,14.171223,2126.12884945,54.01185499085,NA,145.917820758,9.6805774652,10,10
"208",2048,"google","tolerance:0.1","error: 10%","custom","0.1","0.9","strong","0ms",NA,192.447397831,181.245476,200.831295,906.609311,8553.10377851,194.88066531,178.722974,774.615009769,192.6907245789,NA,159.122586833,9.78354609745,10,10
"209",2048,"amazon","tolerance:0.1","error: 10%","custom","0.1","0.9","strong","0ms","Geo-
distributed",350.732345441,325.01759,426.737765,1425.808686,4534.32528556,345.248882137,317.950328,409.775424144,350.1839991106,NA,123.751670482,8.9050896267,10,10
"210",2048,"fast","tolerance:0.01","error: 1%","custom","0.1","0.9","strong","0ms",NA,88.8197434451,74.869747,233.928503,361.170307,19841.8258927,7.99436874705,0.765028,1996.12574177,80.737205975295,NA,11.377683052,0.731969677385,0.995,1
"211",2048,"flat5","tolerance:0.01","error: 1%","custom","0.1","0.9","strong","0ms",NA,80.631218305,25.865052,398.220089,559.654604,23352.8840645,31.7863036162,6.828262,2327.81997382,75.74672683612,NA,12.1088771741,0.742867146615,0.995,1
"212",2048,"slowpoke_flat","tolerance:0.01","error: 1%","custom","0.1","0.9","strong","0ms",NA,120.349823705,13.793743,662.416001,1705.955934,13474.5328954,102.273355611,10.727406,1133.30004378,118.5421768956,NA,12.1544497686,0.75568518604,1,1
"213",2048,"google","tolerance:0.01","error: 1%","custom","0.1","0.9","strong","0ms",NA,302.631838431,179.16353,1244.588051,2900.745875,5742.05565762,296.705649606,177.075768,544.299163057,302.0392195485,NA,12.400721773,0.789708434295,0.995,1
"214",2048,"amazon","tolerance:0.01","error: 1%","custom","0.1","0.9","strong","0ms","Geo-
distributed",190.445222707,5.235853,937.009292,2182.129219,6704.79140736,191.189317766,2.13889,562.595773784,190.5196322129,NA,12.4186886287,0.7589832378,0.995,1
"215",2048,"fast","consistency:strong","strong","custom","0.1","0.9","strong","0ms",NA,15.998292852,15.277972,33.285091,39.918001,61571.0148805,15.1842602059,14.511128,6146.15596277,15.91688958739,NA,0,0,0,0
"216",2048,"flat5","consistency:strong","strong","custom","0.1","0.9","strong","0ms",NA,137.903998433,139.044367,225.408283,297.457407,9939.97877455,130.607014138,134.591162,981.274280996,137.1743000035,NA,0,0,0,0
"217",2048,"slowpoke_flat","consistency:strong","strong","custom","0.1","0.9","strong","0ms",NA,337.304119635,299.833966,884.710435,1532.850946,3463.36296167,322.930528007,295.467977,353.400961046,335.8667604722,NA,0,0,0,0
"218",2048,"google","consistency:strong","strong","custom","0.1","0.9","strong","0ms",NA,1294.12003178,1200.40637,2433.567382,2766.687254,984.74416207,1254.42360921,1201.334268,100.895301972,1290.150389523,NA,0,0,0,0
"219",2048,"amazon","consistency:strong","strong","custom","0.1","0.9","strong","0ms","Geo-
distributed",1057.93969453,948.888059,2482.155144,3108.450545,1127.93549996,1053.15992675,960.92389,115.713024661,1057.461717752,NA,0,0,0,0
"220",2048,"fast","consistency:weakwrite","weak","custom","0.01","0.99","strong","0ms",NA,11.6918778406,12.352958,21.669535,27.629662,99245.3417962,12.1189530393,12.812467,987.123061076,11.696148592587,NA,0,0,0,0
"221",2048,"flat5","consistency:weakwrite","weak","custom","0.01","0.99","strong","0ms",NA,12.7917546325,13.188935,20.778918,25.130805,96242.2975776,13.1393927401,13.63849,963.950114087,12.795231013576,NA,0,0.0253876056455,0.6,0.61
"222",2048,"slowpoke_flat","consistency:weakwrite","weak","custom","0.01","0.99","strong","0ms",NA,16.707680651,16.994304,22.544889,28.68162,72854.0331223,17.4317140229,17.60091,726.261967845,16.714920984719,NA,0,0.0514259701071,0.35,0.7
"223",2048,"google","consistency:weakwrite","weak","custom","0.01","0.99","strong","0ms",NA,11.8113818566,9.468615,13.016634,22.217134,90592.6966402,12.3141882884,9.917223,909.248969827,11.816409920918,NA,0,0.00434730373878,0.19,0.26
"224",2048,"amazon","consistency:weakwrite","weak","custom","0.01","0.99","strong","0ms","Geo-
distributed",13.0214609241,9.445342,13.871816,22.741274,91289.3873186,10.9289902324,9.950841,915.922327233,13.000536217183,NA,0,0.00044349112797,0,0.08
"225",2048,"fast","tolerance:0.1","error: 10%","custom","0.01","0.99","strong","0ms",NA,67.4289414798,54.703793,170.401387,281.548536,25593.3500052,6.47589166572,2.074195,255.29609799,66.8194109816592,NA,132.947749698,8.96280014605,10,10
"226",2048,"flat5","tolerance:0.1","error: 10%","custom","0.01","0.99","strong","0ms",NA,50.4910938199,48.383174,102.498601,133.331506,35601.7777751,14.7497877667,8.85513,355.311222404,50.133680759368,NA,133.817487505,9.22397493855,10,10
"227",2048,"slowpoke_flat","tolerance:0.1","error: 10%","custom","0.01","0.99","strong","0ms",NA,135.703772907,107.048813,278.308387,791.998933,14345.0688161,131.749754214,105.22126,144.247995925,135.66423272007,NA,121.266678102,7.83083095425,9.985,9.985
"228",2048,"google","tolerance:0.1","error: 10%","custom","0.01","0.99","strong","0ms",NA,108.955251562,7.020722,406.868555,1264.785909,13093.3543758,102.119947389,2.296366,126.718732123,108.88689852027,NA,140.531404793,8.86609451555,9.925,9.925
"229",2048,"amazon","tolerance:0.1","error: 10%","custom","0.01","0.99","strong","0ms","Geo-
distributed",84.2043753084,5.402819,438.272634,1424.17306,19834.3602562,72.1955945846,2.209988,191.707556771,84.084287501162,NA,140.174534769,8.55679081895,10,10
"230",2048,"fast","tolerance:0.01","error: 1%","custom","0.01","0.99","strong","0ms",NA,70.9780336195,59.82213,181.669725,315.899923,23947.6906419,12.7994877683,1.766141,240.90252895,70.396248160988,NA,12.4469090856,0.774816518965,0.975,0.975
"231",2048,"flat5","tolerance:0.01","error: 1%","custom","0.01","0.99","strong","0ms",NA,57.8397642334,18.401645,279.096857,673.027991,30230.9970567,33.9569268832,7.873712,302.932539699,57.600935859898,NA,11.4151412369,0.6949396454,0.995,0.995
"232",2048,"slowpoke_flat","tolerance:0.01","error: 1%","custom","0.01","0.99","strong","0ms",NA,223.181135216,19.899264,1455.903678,2741.026704,9305.43964719,236.800577298,12.024575,91.0328497275,223.31732963682,NA,6.69990201903,0.4430367411075,0.955,0.955
"233",2048,"google","tolerance:0.01","error: 1%","custom","0.01","0.99","strong","0ms",NA,169.315560971,4.554302,951.972595,3586.224424,10059.9363811,167.192152626,2.191702,98.7308764475,169.29432688755,NA,11.676696177,0.654569172915,0.96,0.96
"234",2048,"amazon","tolerance:0.01","error: 1%","custom","0.01","0.99","strong","0ms","Geo-
distributed",535.299797728,102.53939,2468.357938,3826.719069,3262.6823041,682.247816609,101.611694,32.7117341281,536.76927791681,NA,2.0794081168,0.3309724585915,0.955,0.955
"235",2048,"fast","consistency:strong","strong","custom","0.01","0.99","strong","0ms",NA,14.5873685938,13.883395,29.577757,38.939841,79429.517396,14.3309099989,13.665414,795.816826993,14.584804007851,NA,0,0,0,0
"236",2048,"flat5","consistency:strong","strong","custom","0.01","0.99","strong","0ms",NA,114.281465792,113.808596,191.62479,269.917953,12937.8343359,106.388816273,105.259276,131.298120288,114.20253929681,NA,0,0,0,0
"237",2048,"slowpoke_flat","consistency:strong","strong","custom","0.01","0.99","strong","0ms",NA,279.020672638,263.780108,544.682831,1343.39319,4417.18654173,280.342117874,257.213932,44.3300767415,279.03388709036,NA,0,0,0,0
"238",2048,"google","consistency:strong","strong","custom","0.01","0.99","strong","0ms",NA,1112.41229199,1066.070014,2015.682,2316.416098,1301.417996,1080.71745932,1058.572787,12.7691133457,1112.0953436633,NA,0,0,0,0
"239",2048,"amazon","consistency:strong","strong","custom","0.01","0.99","strong","0ms","Geo-
distributed",889.697580819,821.010315,1872.099805,2711.157104,1623.45335644,886.430975615,818.180163,16.3873800483,889.66491476696,NA,0,0,0,0
"240",2048,"fast","consistency:weakwrite","weak","custom","1.0","0.0","strong","0ms",NA,0.696437682631,0.330069,2.340915,6.065113,225.356023653,1.00340763503,0.363393,84698.0749932,1.00340763503,NA,0,0.255249107508,2.5,3.92
"241",2048,"flat5","consistency:weakwrite","weak","custom","1.0","0.0","strong","0ms",NA,7.6670410804,5.760145,19.431654,24.199378,148.880959486,7.06917824978,6.19489,56074.9440982,7.06917824978,NA,0,0.753345012904,6.91,18.26
"242",2048,"slowpoke_flat","consistency:weakwrite","weak","custom","1.0","0.0","strong","0ms",NA,15.6552073573,12.429072,37.288437,47.413414,109.77991102,14.6287891057,13.635776,41224.6867065,14.6287891057,NA,0,0.230277917164,4.16,10.81
"243",2048,"google","consistency:weakwrite","weak","custom","1.0","0.0","strong","0ms",NA,4.69845774697,2.048034,7.610393,29.34032,139.54093093,5.34650117193,2.372116,52592.6385987,5.34650117193,NA,0,0.172281807053,1.23,99.5
"244",2048,"amazon","consistency:weakwrite","weak","custom","1.0","0.0","strong","0ms","Geo-
distributed",8.37412062759,3.840822,13.541729,111.649502,153.931710085,8.11634103001,6.117531,58192.7983732,8.11634103001,NA,0,0.00297500220786,0,3.07
"245",2048,"fast","tolerance:0.1","error: 10%","custom","1.0","0.0","strong","0ms",NA,7.23672759106,4.967264,21.084308,29.320726,82.2074177311,12.9095368722,10.61948,30895.497166,12.9095368722,NA,148.469758226,9.7620964474,10,10
"246",2048,"flat5","tolerance:0.1","error: 10%","custom","1.0","0.0","strong","0ms",NA,10.1824841091,7.998837,23.419714,38.901342,71.9786623805,16.5604600872,10.604618,27256.6583942,16.5604600872,NA,150.657541702,9.76487307075,10,10
"247",2048,"slowpoke_flat","tolerance:0.1","error: 10%","custom","1.0","0.0","strong","0ms",NA,15.6429194798,11.093796,36.353108,101.396589,17.2143284423,51.8821028378,39.031669,6485.01790075,51.8821028378,NA,147.696762121,9.7723892303,10,10
"248",2048,"google","tolerance:0.1","error: 10%","custom","1.0","0.0","strong","0ms",NA,9.21981640606,2.42857,35.939443,169.001028,8.08752646142,57.1773821914,24.066574,2990.26306637,57.1773821914,NA,143.420560442,9.75853216655,10,10
"249",2048,"amazon","tolerance:0.1","error: 10%","custom","1.0","0.0","strong","0ms","Geo-
distributed",10.1187333591,2.448417,26.975871,283.015639,7.85483901268,74.3584972659,24.299582,2904.81193373,74.3584972659,NA,143.98921607,9.7604407372,10,10
"250",2048,"fast","tolerance:0.01","error: 1%","custom","1.0","0.0","strong","0ms",NA,10.0232118749,6.517791,29.485934,42.04559,77.7833943294,21.0956019225,19.86668,29506.1994919,21.0956019225,NA,11.9259059357,0.767409502955,0.995,1
"251",2048,"flat5","tolerance:0.01","error: 1%","custom","1.0","0.0","strong","0ms",NA,12.0275611588,9.353311,29.361141,47.753445,78.7849719987,24.3537703579,15.124385,29560.8222573,24.3537703579,NA,12.0938843725,0.75357379211,0.995,1
"252",2048,"slowpoke_flat","tolerance:0.01","error: 1%","custom","1.0","0.0","strong","0ms",NA,14.9536364855,11.10286,34.104267,101.558214,12.0825343939,116.616260445,33.685049,4634.0824185,116.616260445,NA,12.2362655223,0.75903476576,0.995,1
"253",2048,"google","tolerance:0.01","error: 1%","custom","1.0","0.0","strong","0ms",NA,7.88087853585,2.249208,25.331131,165.513672,6.11976619321,173.449363026,31.246555,2345.99138336,173.449363026,NA,12.0142894832,0.748573129955,0.995,1
"254",2048,"amazon","tolerance:0.01","error: 1%","custom","1.0","0.0","strong","0ms","Geo-
distributed",10.6266945591,2.425434,28.211959,222.628712,5.48910575561,184.873185479,26.131274,2114.39572094,184.873185479,NA,12.2987347332,0.76035139596,0.995,1
"255",2048,"fast","consistency:strong","strong","custom","1.0","0.0","strong","0ms",NA,2.50992165097,1.881452,5.90751,13.497518,160.034801389,3.5052594452,2.183613,60197.6534706,3.5052594452,NA,0,0,0,0
"256",2048,"flat5","consistency:strong","strong","custom","1.0","0.0","strong","0ms",NA,39.219508268,30.691098,80.532651,125.643682,57.5422819553,52.9398224565,51.589836,21800.5824491,52.9398224565,NA,0,0,0,0
"257",2048,"slowpoke_flat","consistency:strong","strong","custom","1.0","0.0","strong","0ms",NA,140.328341034,122.712593,291.669898,420.871726,13.6359510223,191.178315479,181.5518,5130.23675043,191.178315479,NA,0,0,0,0
"258",2048,"google","consistency:strong","strong","custom","1.0","0.0","strong","0ms",NA,555.562536274,525.149559,1018.35366,1492.068653,4.02404712049,684.260266681,673.833033,1544.08758137,684.260266681,NA,0,0,0,0
"259",2048,"amazon","consistency:strong","strong","custom","1.0","0.0","strong","0ms","Geo-
distributed",373.670116129,273.090241,803.627191,1334.70391,4.49893273143,590.148065704,582.88638,1739.73180657,590.148065704,NA,0,0,0,0
"260",2048,"fast","consistency:weakwrite","weak","custom","0.5","0.5","strong","0ms",NA,3.79266993661,1.774678,13.892741,20.143809,60956.3902578,3.71438412708,1.675994,36074.7885997,3.753527031845,NA,0,0.0166392860218,0.44,2.06
"261",2048,"flat5","consistency:weakwrite","weak","custom","0.5","0.5","strong","0ms",NA,12.1237195631,11.330934,21.728562,30.515294,55023.460359,12.6823295925,11.715314,32711.9236092,12.4030245778,NA,0,0.0420632372351,1.09,2.56
"262",2048,"slowpoke_flat","consistency:weakwrite","weak","custom","0.5","0.5","strong","0ms",NA,18.7653039713,17.29454,24.559667,72.364186,37034.2426887,19.3811948781,17.951243,20486.5095615,19.0732494247,NA,0,0.0282748763406,0.84,4.58
"263",2048,"google","consistency:weakwrite","weak","custom","0.5","0.5","strong","0ms",NA,16.3023499334,10.706059,18.682548,177.181864,47673.4881557,17.0562199833,11.204994,25088.0780789,16.67928495835,NA,0,0.00830900110097,0.32,2.74
"264",2048,"amazon","consistency:weakwrite","weak","custom","0.5","0.5","strong","0ms","Geo-
distributed",12.5002118113,10.730806,16.121843,82.469127,49797.4974808,13.2832955117,11.344562,21722.0879638,12.8917536615,NA,0,0.0280420254993,0.6,6.82
"265",2048,"fast","tolerance:0.1","error: 10%","custom","0.5","0.5","strong","0ms",NA,61.2928533732,45.772516,197.741279,288.644639,21395.9290358,21.3075513652,19.980646,12137.143946,41.3002023692,NA,146.486881575,9.47653695355,10,10
"266",2048,"flat5","tolerance:0.1","error: 10%","custom","0.5","0.5","strong","0ms",NA,51.5084130545,26.690307,226.318219,442.638436,28828.4179452,14.4288416405,11.477501,14259.8534163,32.9686273475,NA,143.997629295,9.4629272313,10,10
"267",2048,"slowpoke_flat","tolerance:0.1","error: 10%","custom","0.5","0.5","strong","0ms",NA,53.649694749,36.926317,121.092341,427.261476,29510.1260005,32.4548177359,14.836996,3851.95196745,43.05225624245,NA,143.223983504,9.4525056124,10,10
"268",2048,"google","tolerance:0.1","error: 10%","custom","0.5","0.5","strong","0ms",NA,62.5189208693,25.431477,197.082985,1074.568026,27706.3772406,61.918176629,2.236568,1925.59364925,62.21854874915,NA,144.947870974,9.4515613068,10,10
"269",2048,"amazon","tolerance:0.1","error: 10%","custom","0.5","0.5","strong","0ms","Geo-
distributed",330.766521587,323.903487,393.528391,823.610339,3921.26545863,343.960514691,324.942316,1300.47053281,337.363518139,NA,144.266270583,9.3745596561,10,10
"270",2048,"fast","tolerance:0.01","error: 1%","custom","0.5","0.5","strong","0ms",NA,61.467753632,52.177685,147.751199,233.739288,20947.1105099,23.4336089431,21.003833,11608.8769759,42.45068128755,NA,12.1585548062,0.75592324883,0.995,1
"271",2048,"flat5","tolerance:0.01","error: 1%","custom","0.5","0.5","strong","0ms",NA,56.7100166515,45.012335,119.196565,145.734038,25335.2366747,26.8292897887,17.139054,12776.6484216,41.7696532201,NA,12.010908371,0.749770101265,0.995,1
"272",2048,"slowpoke_flat","tolerance:0.01","error: 1%","custom","0.5","0.5","strong","0ms",NA,81.4920809172,22.480862,318.252215,606.103753,19977.2534335,93.2465060365,13.015296,2912.31728544,87.36929347685,NA,11.7130013717,0.745681637075,0.995,1
"273",2048,"google","tolerance:0.01","error: 1%","custom","0.5","0.5","strong","0ms",NA,83.6372738134,11.363113,409.976862,700.007474,19576.9417817,138.98631103,2.066123,1477.22542116,111.3117924217,NA,11.8343088335,0.74682916548,0.995,1
"274",2048,"amazon","tolerance:0.01","error: 1%","custom","0.5","0.5","strong","0ms","Geo-
distributed",93.0212335006,13.021832,477.298161,1050.84235,16878.0395013,184.890159454,2.230545,1553.27436951,138.9556964773,NA,11.9882131646,0.759387570905,0.995,1
"275",2048,"fast","consistency:strong","strong","custom","0.5","0.5","strong","0ms",NA,9.74783529201,6.823298,25.544642,32.814364,50571.9530186,9.10685713883,5.965704,26973.944128,9.42734621542,NA,0,0,0,0
"276",2048,"flat5","consistency:strong","strong","custom","0.5","0.5","strong","0ms",NA,117.368285235,117.870727,174.45991,202.196036,10221.3064297,110.85426609,107.747746,5102.07896952,114.1112756625,NA,0,0,0,0
"277",2048,"slowpoke_flat","consistency:strong","strong","custom","0.5","0.5","strong","0ms",NA,300.326045955,281.881503,561.530967,1284.550975,2486.01533571,295.8027429,281.240135,1530.08994181,298.0643944275,NA,0,0,0,0
"278",2048,"google","consistency:strong","strong","custom","0.5","0.5","strong","0ms",NA,1165.61917034,1148.6195,2066.070168,2282.606172,768.47600353,1100.96293313,1111.217014,452.339123462,1133.291051735,NA,0,0,0,0
"279",2048,"amazon","consistency:strong","strong","custom","0.5","0.5","strong","0ms","Geo-
distributed",961.618674905,885.123595,1939.927428,2736.500265,896.754962613,947.18572826,850.509493,512.764028501,954.4022015825,NA,0,0,0,0
"280",2048,"fast","consistency:weakwrite","weak","custom","0.1","0.9","strong","0ms",NA,11.6537068792,11.535449,24.153095,31.590426,37384.7478774,12.3089244777,11.803438,3768.5034824,11.71922863905,NA,0,0,0,0
"281",2048,"flat5","consistency:weakwrite","weak","custom","0.1","0.9","strong","0ms",NA,15.6936564167,15.075959,25.614898,31.11493,96421.8162292,16.1641759026,15.08243,9308.02188889,15.74070836529,NA,0,0.00629097750274,0.24,0.79
"282",2048,"slowpoke_flat","consistency:weakwrite","weak","custom","0.1","0.9","strong","0ms",NA,16.5585953079,17.151727,21.408943,27.485218,71089.8931424,16.8694350268,17.441631,7017.74863853,16.58967927979,NA,0,0.0405877882473,0.72,1.82
"283",2048,"google","consistency:weakwrite","weak","custom","0.1","0.9","strong","0ms",NA,11.2222859826,9.704578,12.766501,18.716123,82786.1107579,12.1372157405,10.033384,8159.22312785,11.31377895839,NA,0,0.00924358987689,0.34,2.38
"284",2048,"amazon","consistency:weakwrite","weak","custom","0.1","0.9","strong","0ms","Geo-
distributed",10.2886139421,9.633682,12.756033,18.902731,83702.0779734,10.4665642342,9.923439,8249.0014255,10.30640897131,NA,0,0.00106381863039,0,0.5
"285",2048,"fast","tolerance:0.1","error: 10%","custom","0.1","0.9","strong","0ms",NA,60.2760342136,53.485657,124.449424,266.595997,27342.8789895,9.45026728136,3.989112,2771.77938976,55.193457520376,NA,145.279887719,9.6410404814,10,10
"286",2048,"flat5","tolerance:0.1","error: 10%","custom","0.1","0.9","strong","0ms",NA,46.8995961716,44.208556,90.87543,131.124719,35408.4515077,18.4886906209,15.226924,3524.27542767,44.05850561653,NA,147.609438721,9.7275503772,10,10
"287",2048,"slowpoke_flat","tolerance:0.1","error: 10%","custom","0.1","0.9","strong","0ms",NA,55.4844101611,33.364262,153.566664,600.052072,30659.3908068,44.8546054288,16.774543,2131.23476876,54.42142968787,NA,148.282953247,9.6887489664,10,10
"288",2048,"google","tolerance:0.1","error: 10%","custom","0.1","0.9","strong","0ms",NA,193.693951654,179.849462,200.671838,889.703963,8568.79154785,192.236076609,178.283806,748.534539314,193.5481641495,NA,144.565848378,9.7338005638,10,10
"289",2048,"amazon","tolerance:0.1","error: 10%","custom","0.1","0.9","strong","0ms","Geo-
distributed",212.106146562,117.915481,376.517199,1466.365975,6730.97295977,224.251296072,115.759575,565.356723295,213.320661513,NA,145.25708425,9.4899737128,10,10
"290",2048,"fast","tolerance:0.01","error: 1%","custom","0.1","0.9","strong","0ms",NA,73.7457404057,60.966847,183.297234,337.208567,21477.8714734,11.6662303359,2.312433,2169.53544432,67.53778939872,NA,11.5687783491,0.74097535166,1,1
"291",2048,"flat5","tolerance:0.01","error: 1%","custom","0.1","0.9","strong","0ms",NA,67.7207344799,17.821698,347.537706,449.376308,25459.9024753,35.7961778017,7.64927,2527.48360941,64.52827881208,NA,12.1352427383,0.74749165569,0.995,1
"292",2048,"slowpoke_flat","tolerance:0.01","error: 1%","custom","0.1","0.9","strong","0ms",NA,146.994549984,13.385891,776.60261,1595.439913,12820.8297401,108.308158878,10.775552,1147.33953994,143.1259108734,NA,11.7013537062,0.759868790745,0.995,0.995
"293",2048,"google","tolerance:0.01","error: 1%","custom","0.1","0.9","strong","0ms",NA,172.851607086,16.619505,957.38944,2294.771877,8637.89271631,213.379474571,2.488214,648.845808666,176.9043938345,NA,12.0799214153,0.758153025475,0.99,0.995
"294",2048,"amazon","tolerance:0.01","error: 1%","custom","0.1","0.9","strong","0ms","Geo-
distributed",437.498605448,278.786055,1849.197289,5519.959948,3297.78301795,532.408477377,267.845496,306.559516047,446.9895926409,NA,10.7454520489,0.67535493108,0.93,0.93
"295",2048,"fast","consistency:strong","strong","custom","0.1","0.9","strong","0ms",NA,16.3750998189,15.784299,32.960364,39.434671,68230.0343566,14.7017889586,14.361065,6818.84132612,16.20776873287,NA,0,0,0,0
"296",2048,"flat5","consistency:strong","strong","custom","0.1","0.9","strong","0ms",NA,132.471204675,136.236884,218.694228,281.076772,9858.78984497,130.30872211,133.964457,970.317884058,132.2549564185,NA,0,0,0,0
"297",2048,"slowpoke_flat","consistency:strong","strong","custom","0.1","0.9","strong","0ms",NA,332.091427979,307.144424,596.052904,1536.615345,3495.44410473,317.404060982,298.099123,350.029245174,330.6226912793,NA,0,0,0,0
"298",2048,"google","consistency:strong","strong","custom","0.1","0.9","strong","0ms",NA,1264.78243196,1231.213104,2424.273754,2648.511884,961.663190438,1231.1619103,1172.368747,98.3833372826,1261.420379794,NA,0,0,0,0
"299",2048,"amazon","consistency:strong","strong","custom","0.1","0.9","strong","0ms","Geo-
distributed",1037.66043196,931.05591,2343.792344,3063.514306,1163.76519083,1018.81954552,934.783324,119.577711186,1035.776343316,NA,0,0,0,0
"300",2048,"fast","consistency:weakwrite","weak","custom","0.01","0.99","strong","0ms",NA,12.1156049263,12.942432,23.41976,28.446316,75105.2922027,12.4502636811,12.73085,749.794774173,12.118951513848,NA,0,0,0,0
"301",2048,"flat5","consistency:weakwrite","weak","custom","0.01","0.99","strong","0ms",NA,13.4432960867,13.538465,22.651536,29.764153,86708.5420477,14.3143295419,14.256764,862.392243036,13.452006421252,NA,0,0.0273075876791,0.32,0.44
"302",2048,"slowpoke_flat","consistency:weakwrite","weak","custom","0.01","0.99","strong","0ms",NA,18.0365036375,17.236205,21.969464,28.087027,61930.3783138,18.6696048511,17.837043,619.093000725,18.042834649636,NA,0,0.0178241239828,0.25,0.28
"303",2048,"google","consistency:weakwrite","weak","custom","0.01","0.99","strong","0ms",NA,11.3116187922,9.396485,12.881958,19.283776,91347.6221955,11.7516559064,9.859212,921.73464247,11.316019163342,NA,0,0.00837882870839,0.24,0.25
"304",2048,"amazon","consistency:weakwrite","weak","custom","0.01","0.99","strong","0ms","Geo-
distributed",11.5070509593,9.886064,12.504214,17.628613,90182.5485318,13.0840150608,10.334844,902.82074107,11.522820600315,NA,0,0,0,0
"305",2048,"fast","tolerance:0.1","error: 10%","custom","0.01","0.99","strong","0ms",NA,88.0441166176,81.077379,224.014001,354.035709,20023.8504136,3.97892522364,0.574612,204.405843673,87.2034647036604,NA,117.452232503,8.30648329585,9.975,9.975
"306",2048,"flat5","tolerance:0.1","error: 10%","custom","0.01","0.99","strong","0ms",NA,74.6094860483,74.979493,144.635984,175.292485,26266.8196972,12.2903580449,6.585282,263.964481147,73.986294768266,NA,124.616300806,9.22093508405,10,10
"307",2048,"slowpoke_flat","tolerance:0.1","error: 10%","custom","0.01","0.99","strong","0ms",NA,89.4147905304,21.79067,449.755159,652.374766,23063.7353949,33.9037274237,10.816219,228.185249849,88.859679899333,NA,104.838420445,8.50956098085,10,10
"308",2048,"google","tolerance:0.1","error: 10%","custom","0.01","0.99","strong","0ms",NA,303.157073987,181.216761,1426.362846,1747.353847,6678.7020386,317.836472583,177.643727,65.6054156899,303.30386797296,NA,86.0757324615,7.33689222365,9.92,9.92
"309",2048,"amazon","tolerance:0.1","error: 10%","custom","0.01","0.99","strong","0ms","Geo-
distributed",407.77476395,323.700502,1358.841148,2055.404275,4263.85201214,466.638086069,313.543201,42.6334572344,408.36339717119,NA,44.1716270562,4.472847977315,6.36,6.36
"310",2048,"fast","tolerance:0.01","error: 1%","custom","0.01","0.99","strong","0ms",NA,62.2267178013,51.419383,157.427162,296.37396,24860.1175839,12.9809646993,2.815335,249.495555149,61.73426027028,NA,9.34657806867,0.66496427067,0.965,0.965
"311",2048,"flat5","tolerance:0.01","error: 1%","custom","0.01","0.99","strong","0ms",NA,53.9580948127,25.181266,221.242409,466.077754,32248.3973511,27.9110024401,8.096665,320.18080571,53.697623888974,NA,11.4280628307,0.72667474014,0.995,0.995
"312",2048,"slowpoke_flat","tolerance:0.01","error: 1%","custom","0.01","0.99","strong","0ms",NA,149.139833539,17.010987,726.88228,2258.022856,13987.4719589,143.498106109,13.137258,140.732678569,149.0834162647,NA,9.12721735439,0.557309513625,0.95,0.95
"313",2048,"google","tolerance:0.01","error: 1%","custom","0.01","0.99","strong","0ms",NA,187.925210248,6.988534,1125.721361,2613.326422,9343.33251607,191.817948791,2.42406,91.277112143,187.96413763343,NA,12.9434749929,0.745893869815,0.975,0.975
"314",2048,"amazon","tolerance:0.01","error: 1%","custom","0.01","0.99","strong","0ms","Geo-
distributed",270.858793322,11.266186,1788.363217,4188.312948,8110.6264224,265.314021314,2.249779,80.5100361954,270.80334560192,NA,6.36973299395,0.4538974106495,0.625,0.625
"315",2048,"fast","consistency:strong","strong","custom","0.01","0.99","strong","0ms",NA,13.972938448,13.437588,29.127012,36.280555,80082.42765,12.6041088996,12.726352,803.18084312,13.959250152516,NA,0,0,0,0
"316",2048,"flat5","consistency:strong","strong","custom","0.01","0.99","strong","0ms",NA,106.429884202,102.71514,179.181659,252.626069,13602.0965147,104.863268214,102.519979,135.640644353,106.41421804212,NA,0,0,0,0
"317",2048,"slowpoke_flat","consistency:strong","strong","custom","0.01","0.99","strong","0ms",NA,294.323245991,265.363214,552.553478,1427.546887,4592.3873183,271.272569158,261.484826,44.5236095701,294.09273922267,NA,0,0,0,0
"318",2048,"google","consistency:strong","strong","custom","0.01","0.99","strong","0ms",NA,1114.85282366,1061.425774,2101.159349,2297.046161,1218.37761915,1121.71906648,1039.868717,12.3287034531,1114.9214860882,NA,0,0,0,0
"319",2048,"amazon","consistency:strong","strong","custom","0.01","0.99","strong","0ms","Geo-
distributed",864.066533437,817.872035,1763.028271,2547.266235,1549.62974461,841.435693365,788.139821,15.8421637577,863.84022503628,NA,0,0,0,0
"320",2048,"fast","consistency:weakwrite","weak","custom","1.0","0.0","strong","0ms",NA,0.676133071055,0.319198,2.312058,7.274803,182.593269148,1.16185335093,0.351033,68655.1903699,1.16185335093,NA,0,0.31500960243,2.79,7.86
"321",2048,"flat5","consistency:weakwrite","weak","custom","1.0","0.0","strong","0ms",NA,6.025695048,5.413428,8.54505,13.804981,128.421013463,6.72767666093,5.836008,48129.2486145,6.72767666093,NA,0,1.03116321038,9.77,17.74
"322",2048,"slowpoke_flat","consistency:weakwrite","weak","custom","1.0","0.0","strong","0ms",NA,12.9501155715,12.05893,17.482519,20.55197,110.982002682,15.0218282309,14.188614,41847.6515017,15.0218282309,NA,0,0.220446918234,3.74,22.44
"323",2048,"google","consistency:weakwrite","weak","custom","1.0","0.0","strong","0ms",NA,5.00824597756,3.117652,9.862625,15.337675,157.274577841,6.22224866002,4.466166,59728.8047589,6.22224866002,NA,0,0.0280611123656,0,14.5
"324",2048,"amazon","consistency:weakwrite","weak","custom","1.0","0.0","strong","0ms","Geo-
distributed",3.96458900307,2.097004,10.025402,16.369239,136.560258069,5.26150201734,2.671719,51665.5513387,5.26150201734,NA,0,0.0165704294235,0,8.36
"325",2048,"fast","tolerance:0.1","error: 10%","custom","1.0","0.0","strong","0ms",NA,8.3987906156,6.157128,23.192854,36.764154,84.6882963107,13.045275042,10.574212,32021.0362102,13.045275042,NA,145.236158718,9.7618806768,10,10
"326",2048,"flat5","tolerance:0.1","error: 10%","custom","1.0","0.0","strong","0ms",NA,14.2491867373,10.160365,36.59196,49.650924,78.4847989142,24.7430693937,22.238113,29446.7532596,24.7430693937,NA,149.906601959,9.75808931985,10,10
"327",2048,"slowpoke_flat","tolerance:0.1","error: 10%","custom","1.0","0.0","strong","0ms",NA,15.8933993705,11.085487,36.266736,101.852245,15.7741144005,50.453316898,31.903438,6012.01513634,50.453316898,NA,148.33747372,9.76780106995,10,10
"328",2048,"google","tolerance:0.1","error: 10%","custom","1.0","0.0","strong","0ms",NA,7.1243731458,2.419972,12.418204,163.714122,8.93696477942,55.4608489172,26.463201,3461.77561665,55.4608489172,NA,151.582994963,9.7754016731,10,10
"329",2048,"amazon","tolerance:0.1","error: 10%","custom","1.0","0.0","strong","0ms","Geo-
distributed",8.2523815227,2.408217,28.969514,163.825252,7.97044885656,61.8488304798,24.682599,3045.30062794,61.8488304798,NA,149.636191447,9.7704606901,10,10
"330",2048,"fast","tolerance:0.01","error: 1%","custom","1.0","0.0","strong","0ms",NA,8.21370163339,6.098912,23.206159,33.113849,89.2712515307,13.4589820753,10.750573,33819.6762048,13.4589820753,NA,11.870317035,0.76293113615,0.995,1
"331",2048,"flat5","tolerance:0.01","error: 1%","custom","1.0","0.0","strong","0ms",NA,11.1440801921,8.831749,27.42619,40.498104,75.4451282375,23.270236238,15.465515,28440.6441557,23.270236238,NA,11.9743165171,0.758767251575,0.995,1
"332",2048,"slowpoke_flat","tolerance:0.01","error: 1%","custom","1.0","0.0","strong","0ms",NA,15.3613902189,11.269344,31.783975,101.464001,11.8852423431,111.692119589,36.018998,4572.46874972,111.692119589,NA,12.3382658378,0.767990841895,0.995,1
"333",2048,"google","tolerance:0.01","error: 1%","custom","1.0","0.0","strong","0ms",NA,7.70301011227,2.510887,19.255759,164.635386,5.96074574494,175.864141192,24.693939,2322.5660604,175.864141192,NA,12.4826569831,0.77106031048,0.995,1
"334",2048,"amazon","tolerance:0.01","error: 1%","custom","1.0","0.0","strong","0ms","Geo-
distributed",10.9202654683,2.501569,76.095532,220.807427,5.40254273902,205.346687374,19.022853,2052.24650713,205.346687374,NA,12.0572687814,0.7602327353,0.995,1
"335",2048,"fast","consistency:strong","strong","custom","1.0","0.0","strong","0ms",NA,2.90758659826,2.251401,7.071072,14.313487,178.833321982,3.57541548547,2.610027,67255.3415604,3.57541548547,NA,0,0,0,0
"336",2048,"flat5","consistency:strong","strong","custom","1.0","0.0","strong","0ms",NA,39.1042622928,31.352472,76.526729,89.379484,58.8185918289,53.462527244,53.913342,22068.705055,53.462527244,NA,0,0,0,0
"337",2048,"slowpoke_flat","consistency:strong","strong","custom","1.0","0.0","strong","0ms",NA,149.408284236,126.106372,299.470611,515.556529,13.1985100103,189.919734458,178.022622,5143.02414804,189.919734458,NA,0,0,0,0
"338",2048,"google","consistency:strong","strong","custom","1.0","0.0","strong","0ms",NA,552.860756957,419.585871,1199.412631,1605.147339,3.99486870622,698.12155256,667.603895,1492.35461192,698.12155256,NA,0,0,0,0
"339",2048,"amazon","consistency:strong","strong","custom","1.0","0.0","strong","0ms","Geo-
distributed",437.675354721,393.71243,925.367349,1076.646405,4.46616739414,582.509788936,572.645351,1715.25700546,582.509788936,NA,0,0,0,0
"340",2048,"fast","consistency:weakwrite","weak","custom","0.5","0.5","strong","0ms",NA,7.14560963887,5.753381,17.950566,23.061149,57736.5656787,7.1255716016,5.566447,42818.3479684,7.135590620235,NA,0,0.00369931328427,0.15,0.91
"341",2048,"flat5","consistency:weakwrite","weak","custom","0.5","0.5","strong","0ms",NA,12.3940945704,12.311988,18.853585,26.910056,55299.592686,12.7854423515,12.910411,28380.4937386,12.58976846095,NA,0,0.0366900850895,1.16,6.01
"342",2048,"slowpoke_flat","consistency:weakwrite","weak","custom","0.5","0.5","strong","0ms",NA,18.5147369453,17.105612,23.111256,65.924302,37229.908482,18.8937744218,17.70491,19319.2196695,18.70425568355,NA,0,0.0378645739892,1.33,3.63
"343",2048,"google","consistency:weakwrite","weak","custom","0.5","0.5","strong","0ms",NA,11.5850232706,10.682949,14.629088,21.323648,54566.8892358,13.0435283279,11.278373,24815.0121999,12.31427579925,NA,0,0.0111260724993,0.16,2.49
"344",2048,"amazon","consistency:weakwrite","weak","custom","0.5","0.5","strong","0ms","Geo-
distributed",12.6923760913,10.532707,14.975705,21.8726,52626.2263568,14.3677271382,11.085129,26055.4904651,13.53005161475,NA,0,0.0826971394514,0,100
"345",2048,"fast","tolerance:0.1","error: 10%","custom","0.5","0.5","strong","0ms",NA,59.1250591477,44.322209,183.232776,300.9171,22599.8647374,22.110675818,21.570473,12207.5536572,40.61786748285,NA,144.386588578,9.43533453255,10,10
"346",2048,"flat5","tolerance:0.1","error: 10%","custom","0.5","0.5","strong","0ms",NA,36.4082749935,35.016108,64.474838,98.200369,30054.0827042,26.149202899,24.569138,15014.2992194,31.27873894625,NA,143.410955688,9.5158394202,10,10
"347",2048,"slowpoke_flat","tolerance:0.1","error: 10%","custom","0.5","0.5","strong","0ms",NA,51.6368201171,33.446074,100.88998,691.00892,33279.5314322,48.9649822202,17.49664,3527.78869713,50.30090116865,NA,148.544298176,9.5016925524,10,10
"348",2048,"google","tolerance:0.1","error: 10%","custom","0.5","0.5","strong","0ms",NA,50.4276784785,22.344384,151.688845,1003.146117,32734.4206468,51.4502207192,2.965863,1722.9546808,50.93894959885,NA,139.889443017,9.44110120915,10,10
"349",2048,"amazon","tolerance:0.1","error: 10%","custom","0.5","0.5","strong","0ms","Geo-
distributed",49.8270015737,20.557347,87.07831,923.045587,29971.8298207,58.2123079989,2.736209,1660.34665911,54.0196547863,NA,143.264723736,9.55117874075,10,10
"350",2048,"fast","tolerance:0.01","error: 1%","custom","0.5","0.5","strong","0ms",NA,58.2678076367,48.158222,157.956884,230.06512,21305.6265877,22.9667624338,21.690219,11857.7417776,40.61728503525,NA,12.1428425566,0.760674986685,0.995,1
"351",2048,"flat5","tolerance:0.01","error: 1%","custom","0.5","0.5","strong","0ms",NA,48.6550171194,37.938841,106.031383,124.203651,26606.9069527,32.6976506848,22.847282,13385.2569021,40.6763339021,NA,12.2224631351,0.75875014942,0.995,1
"352",2048,"slowpoke_flat","tolerance:0.01","error: 1%","custom","0.5","0.5","strong","0ms",NA,83.1197122551,21.700928,321.920545,642.327209,22007.8796146,89.2942770139,12.408284,3186.30827686,86.2069946345,NA,12.1282806254,0.752993590555,0.995,0.995
"353",2048,"google","tolerance:0.01","error: 1%","custom","0.5","0.5","strong","0ms",NA,250.634463744,178.85904,797.048324,1077.833507,5124.10682026,333.782934389,178.489377,1679.57718905,292.2086990665,NA,11.9073698644,0.753626051455,0.99,0.995
"354",2048,"amazon","tolerance:0.01","error: 1%","custom","0.5","0.5","strong","0ms","Geo-
distributed",77.4992973334,6.66673,457.388147,927.516197,17366.8193742,193.985090188,2.278196,1461.12159299,135.7421937607,NA,12.1385837078,0.76793779697,0.99,0.995
"355",2048,"fast","consistency:strong","strong","custom","0.5","0.5","strong","0ms",NA,11.7887906512,10.132596,27.374562,33.906153,47096.8965879,10.7644558681,8.599982,29312.3957493,11.27662325965,NA,0,0,0,0
"356",2048,"flat5","consistency:strong","strong","custom","0.5","0.5","strong","0ms",NA,119.317711868,114.405866,185.311588,239.865832,10451.3231018,110.840755768,106.762444,5155.19268102,115.079233818,NA,0,0,0,0
"357",2048,"slowpoke_flat","consistency:strong","strong","custom","0.5","0.5","strong","0ms",NA,289.756030493,276.145756,571.603026,1219.83328,2567.72735585,296.439504477,281.809717,1543.26615314,293.097767485,NA,0,0,0,0
"358",2048,"google","consistency:strong","strong","custom","0.5","0.5","strong","0ms",NA,1160.32929142,1142.382124,1968.231979,2367.434792,786.513696877,1097.39742321,1129.238084,455.755090961,1128.863357315,NA,0,0,0,0
"359",2048,"amazon","consistency:strong","strong","custom","0.5","0.5","strong","0ms","Geo-
distributed",956.417229756,845.362825,2299.711096,2729.040256,893.90465845,902.304282067,845.742844,507.255478136,929.3607559115,NA,0,0,0,0
"360",2048,"fast","consistency:weakwrite","weak","custom","0.1","0.9","strong","0ms",NA,11.7498858469,11.992145,23.176998,31.09034,66942.6835416,11.9604474232,12.036228,6764.69258232,11.77094200453,NA,0,0,0,0
"361",2048,"flat5","consistency:weakwrite","weak","custom","0.1","0.9","strong","0ms",NA,15.5742980684,14.744502,26.011981,30.260082,96201.0575259,16.7412837444,16.133013,9297.22214537,15.690996636,NA,0,0.0021166511384,0,0.35
"362",2048,"slowpoke_flat","consistency:weakwrite","weak","custom","0.1","0.9","strong","0ms",NA,16.2016280673,16.315293,21.864573,27.667261,71118.5448189,17.0368331443,16.729783,7000.35277936,16.285148575,NA,0,0.0382545976555,0.68,2.13
"363",2048,"google","consistency:weakwrite","weak","custom","0.1","0.9","strong","0ms",NA,10.773855092,9.623601,13.317272,20.359041,83001.2919951,10.7949187331,9.957474,8243.53738808,10.77596145611,NA,0,0.00626632768047,0.32,1.1
"364",2048,"fast","tolerance:0.1","error: 10%","custom","0.5","0.5","strong","0ms",NA,54.050804232,42.920388,151.057481,241.989013,22679.7025015,28.4056685797,32.622296,12108.216675,41.22823640585,NA,144.305765998,9.65731606175,10,10
"365",2048,"amazon","consistency:weakwrite","weak","custom","0.1","0.9","strong","0ms","Geo-
distributed",23.9398341958,9.914578,101.158377,202.845984,36107.9364025,23.2384202828,10.382894,3582.46632659,23.8696928045,NA,0,0.00341266698173,0,0.85
"366",2048,"fast","tolerance:0.1","error: 10%","custom","0.1","0.9","strong","0ms",NA,57.9810478846,47.274487,135.956163,288.93673,27050.9693775,7.75794970804,4.62779,2763.40775987,52.958738066944,NA,147.681353964,9.67909820775,10,10
"367",2048,"flat5","tolerance:0.1","error: 10%","custom","0.1","0.9","strong","0ms",NA,49.1626093006,43.714487,92.075629,134.321109,34795.4273318,20.0379975944,16.778565,3468.75172608,46.25014812998,NA,147.521763353,9.6867710817,10,10
"368",2048,"slowpoke_flat","tolerance:0.1","error: 10%","custom","0.1","0.9","strong","0ms",NA,54.1194033938,34.723043,103.396529,600.255896,31664.4934154,36.7296924029,15.47035,2224.43220526,52.38043229471,NA,144.827668584,9.68755952185,10,10
"369",2048,"google","tolerance:0.1","error: 10%","custom","0.1","0.9","strong","0ms",NA,69.2304439134,16.551325,182.036685,1530.809694,31162.4936445,76.2089271353,2.262566,1354.63847138,69.92829223559,NA,154.11985542,9.7074080562,10,10
"370",2048,"amazon","tolerance:0.1","error: 10%","custom","0.1","0.9","strong","0ms","Geo-
distributed",53.5887645487,15.675368,210.768442,1272.015045,29728.5902126,74.0657416593,2.566891,1265.37947958,55.63646225976,NA,145.712489711,9.72171738485,10,10
"371",2048,"fast","tolerance:0.01","error: 1%","custom","0.1","0.9","strong","0ms",NA,64.5564135343,56.60452,155.679309,287.055134,24241.057729,10.0055952211,2.527928,2464.16171356,59.10133170298,NA,11.8163993349,0.754045579895,0.995,1
"372",2048,"flat5","tolerance:0.01","error: 1%","custom","0.1","0.9","strong","0ms",NA,65.7217624267,24.406096,309.500762,454.385066,26408.1199162,31.5179441259,7.388137,2644.57402852,62.30138059662,NA,11.9379808752,0.761151257345,0.995,1
"373",2048,"slowpoke_flat","tolerance:0.01","error: 1%","custom","0.1","0.9","strong","0ms",NA,102.894534731,17.69499,565.950978,1061.637407,13683.6105989,95.7760110383,13.055408,1199.19521256,102.18268236173,NA,12.3347177232,0.779616218625,0.995,1
"374",2048,"google","tolerance:0.01","error: 1%","custom","0.1","0.9","strong","0ms",NA,191.28973561,2.98272,1050.500232,3098.721635,11056.6169392,186.27064074,2.047057,866.205722962,190.787826123,NA,11.7552172599,0.75437129707,0.995,0.995
"375",2048,"amazon","tolerance:0.01","error: 1%","custom","0.1","0.9","strong","0ms","Geo-
distributed",134.172548515,3.924185,912.374387,1951.612101,13797.4065467,137.930852951,2.113278,972.614701676,134.5483789586,NA,12.2035159241,0.7373963858,0.985,0.995
"376",2048,"fast","consistency:strong","strong","custom","0.1","0.9","strong","0ms",NA,16.4402949863,15.826055,31.565701,40.50415,65334.8023758,14.8018005377,14.162704,6205.17023549,16.27644554144,NA,0,0,0,0
"377",2048,"flat5","consistency:strong","strong","custom","0.1","0.9","strong","0ms",NA,139.092893255,137.667896,235.706612,287.859232,10129.8252055,128.742672424,130.848994,984.770480079,138.0578711719,NA,0,0,0,0
"378",2048,"slowpoke_flat","consistency:strong","strong","custom","0.1","0.9","strong","0ms",NA,340.223616997,306.439872,712.610115,1427.073988,3441.59881359,325.312766234,294.815298,345.250889192,338.7325319207,NA,0,0,0,0
"379",2048,"google","consistency:strong","strong","custom","0.1","0.9","strong","0ms",NA,1248.36132892,1148.194983,2383.109478,2623.984962,1001.79169045,1226.93276156,1151.986906,95.2804993821,1246.218472184,NA,0,0,0,0
"380",2048,"amazon","consistency:strong","strong","custom","0.1","0.9","strong","0ms","Geo-
distributed",1082.2490602,933.351031,2647.111293,3570.975867,1209.47719661,1066.34648223,930.887364,122.107968126,1080.658802403,NA,0,0,0,0
"381",2048,"fast","consistency:weakwrite","weak","custom","0.01","0.99","strong","0ms",NA,11.997569015,12.580381,24.272419,29.320168,89183.9958187,11.9714809843,12.511001,892.205046116,11.997308134693,NA,0,0,0,0
"382",2048,"flat5","consistency:weakwrite","weak","custom","0.01","0.99","strong","0ms",NA,12.9983404894,12.400632,17.765378,47.762328,80014.7618329,13.2519660692,12.874055,801.601551669,13.000876745198,NA,0,0.00754070053446,0.22,0.25
"383",2048,"slowpoke_flat","consistency:weakwrite","weak","custom","0.01","0.99","strong","0ms",NA,19.7403727086,17.879173,23.050003,125.157912,52124.6131292,22.1390230653,18.428197,526.31886052,19.764359212167,NA,0,0.0125965812276,0.27,0.27
"384",2048,"google","consistency:weakwrite","weak","custom","0.01","0.99","strong","0ms",NA,11.8455813633,9.321915,12.860063,28.392979,85271.6780614,12.049330724,9.841268,854.211464218,11.847618856907,NA,0,0.0104640843324,0.34,0.36
"385",2048,"amazon","consistency:weakwrite","weak","custom","0.01","0.99","strong","0ms","Geo-
distributed",11.6338970994,9.899719,12.599835,21.85071,87304.4109244,13.2705173591,10.411009,877.56505323,11.650263301997,NA,0,0.0014033707582,0,0.15
"386",2048,"fast","tolerance:0.1","error: 10%","custom","0.01","0.99","strong","0ms",NA,85.1930921395,83.180068,213.613184,340.35483,20800.7225733,2.46768567784,0.637386,206.780098742,84.3658380748834,NA,131.181545213,9.17668138985,9.99,9.99
"387",2048,"flat5","tolerance:0.1","error: 10%","custom","0.01","0.99","strong","0ms",NA,71.0458642908,73.837711,144.768352,174.970183,26301.324154,12.877859263,6.318289,262.015060265,70.464184240522,NA,153.223451807,9.43183416775,10,10
"388",2048,"slowpoke_flat","tolerance:0.1","error: 10%","custom","0.01","0.99","strong","0ms",NA,81.707198562,27.893337,383.985564,623.957565,23666.8190756,32.889096255,11.573107,233.252462815,81.21901753893,NA,129.194519368,8.4802260631,9.96,9.96
"389",2048,"google","tolerance:0.1","error: 10%","custom","0.01","0.99","strong","0ms",NA,91.9338625971,6.64136,545.284933,996.356881,19755.0369291,62.1819358824,1.942863,192.294574903,91.636343329953,NA,110.06302347,7.68646090545,10,10
"390",2048,"amazon","tolerance:0.1","error: 10%","custom","0.01","0.99","strong","0ms","Geo-
distributed",99.5784979454,9.830699,538.893049,1041.009608,19146.5067511,62.7323571446,1.919393,185.647645617,99.210036537392,NA,110.290949578,8.0570902972,9.965,9.965
"391",2048,"fast","tolerance:0.01","error: 1%","custom","0.01","0.99","strong","0ms",NA,63.7669988223,56.809712,130.635519,244.048753,27433.9582221,14.802821314,2.708479,276.309790025,63.277357047217,NA,10.4135051769,0.70492859546,0.99,0.99
"392",2048,"flat5","tolerance:0.01","error: 1%","custom","0.01","0.99","strong","0ms",NA,57.2031592062,11.120349,388.299283,680.922068,29703.3432313,49.4736491611,7.58586,295.757674878,57.125864105749,NA,10.4208527206,0.63355092316,0.99,0.99
"393",2048,"slowpoke_flat","tolerance:0.01","error: 1%","custom","0.01","0.99","strong","0ms",NA,136.837209927,15.192321,721.590746,2223.753061,12081.5936131,115.264730525,11.9409,118.908439129,136.62148513298,NA,11.6533633886,0.652945561805,0.99,0.99
"394",2048,"google","tolerance:0.01","error: 1%","custom","0.01","0.99","strong","0ms",NA,238.895105344,3.654221,1856.753244,3287.854403,8363.16221173,277.987990682,2.23091,80.3861744086,239.28603419738,NA,8.05555924625,0.59742544553,0.815,0.815
"395",2048,"amazon","tolerance:0.01","error: 1%","custom","0.01","0.99","strong","0ms","Geo-
distributed",216.367110912,3.410698,1334.600756,2919.549292,7400.32639559,312.724862763,2.20819,71.4964121241,217.33068843051,NA,7.66233714789,0.61427075813,0.935,0.935
"396",2048,"flat5","consistency:strong","strong","custom","0.01","0.99","strong","0ms",NA,116.11710741,116.713971,195.764804,271.823525,12818.6865135,107.111280901,104.171581,129.785437822,116.02704914491,NA,0,0,0,0
"397",2048,"slowpoke_flat","consistency:strong","strong","custom","0.01","0.99","strong","0ms",NA,267.135736939,244.741443,503.356821,1439.055179,4292.66359113,253.660078545,241.803942,41.9873547016,267.00098035506,NA,0,0,0,0
"398",2048,"google","consistency:strong","strong","custom","0.01","0.99","strong","0ms",NA,1120.86263601,1077.886138,2129.535938,2381.745875,1315.4748803,1100.13667877,1087.522997,13.3547581346,1120.6553764376,NA,0,0,0,0
"399",2048,"amazon","consistency:strong","strong","custom","0.01","0.99","strong","0ms","Geo-
distributed",881.656507039,804.233937,2105.039199,2832.897147,1577.53065605,875.430411208,807.664345,14.819092169,881.59424608069,NA,0,0,0,0
